,returns,epochs,method
0,23.217040418991278,0,Reward to go
1,79.70701177787835,1,Reward to go
2,89.72496417151193,2,Reward to go
3,122.17637183036204,3,Reward to go
4,104.65265164973685,4,Reward to go
5,112.23074350096992,5,Reward to go
6,164.8892206418023,6,Reward to go
7,236.12123839481615,7,Reward to go
8,258.15012943463915,8,Reward to go
9,255.49290480812965,9,Reward to go
10,198.00870524098792,10,Reward to go
11,181.037556792999,11,Reward to go
12,213.23636805912395,12,Reward to go
13,218.22214671390745,13,Reward to go
14,220.7991704358254,14,Reward to go
15,222.2757695803951,15,Reward to go
16,228.923064250864,16,Reward to go
17,232.1161225382002,17,Reward to go
18,238.72395697061725,18,Reward to go
19,239.27464563853127,19,Reward to go
20,242.82709869674315,20,Reward to go
21,238.05461701713693,21,Reward to go
22,234.32683832307742,22,Reward to go
23,242.92520086042185,23,Reward to go
24,231.8409740308879,24,Reward to go
25,218.14302713766656,25,Reward to go
26,217.68551464516483,26,Reward to go
27,213.47608332382777,27,Reward to go
28,211.953240152917,28,Reward to go
29,208.6738840320379,29,Reward to go
30,209.50052252345577,30,Reward to go
31,206.3989040646078,31,Reward to go
32,208.61860016153324,32,Reward to go
33,203.70861860387254,33,Reward to go
34,205.70648040466878,34,Reward to go
35,206.09244154867648,35,Reward to go
36,205.88878892744728,36,Reward to go
37,209.93527062276644,37,Reward to go
38,214.03771960277467,38,Reward to go
39,212.17673212813636,39,Reward to go
40,212.6250262781348,40,Reward to go
41,215.07271481824492,41,Reward to go
42,226.75770205929564,42,Reward to go
43,218.3295682898754,43,Reward to go
44,216.69758021223086,44,Reward to go
45,221.87879121611013,45,Reward to go
46,201.96698349725784,46,Reward to go
47,216.99613562309463,47,Reward to go
48,209.08638568789448,48,Reward to go
49,215.97487923489308,49,Reward to go
50,205.32757434768487,50,Reward to go
51,192.16724897055758,51,Reward to go
52,193.98057763745527,52,Reward to go
53,205.26503825693297,53,Reward to go
54,215.19971497065808,54,Reward to go
55,218.92460977848017,55,Reward to go
56,222.22346196557135,56,Reward to go
57,227.93978694592224,57,Reward to go
58,229.737360499992,58,Reward to go
59,234.41372867718522,59,Reward to go
60,226.14446020779798,60,Reward to go
61,213.85133136320454,61,Reward to go
62,206.60342377473418,62,Reward to go
63,193.8207478838838,63,Reward to go
64,207.5944335110939,64,Reward to go
65,234.69169735859754,65,Reward to go
66,236.29389414255593,66,Reward to go
67,250.71685081211356,67,Reward to go
68,243.1983231164823,68,Reward to go
69,239.6860029978995,69,Reward to go
70,221.32284362875805,70,Reward to go
71,198.66383938023475,71,Reward to go
72,189.21392419526595,72,Reward to go
73,177.24970421404444,73,Reward to go
74,176.31951789118023,74,Reward to go
75,188.55806330419347,75,Reward to go
76,179.4185555096848,76,Reward to go
77,175.3218730653206,77,Reward to go
78,182.86242914920234,78,Reward to go
79,189.16298150933565,79,Reward to go
80,185.95546160539274,80,Reward to go
81,185.9876083304971,81,Reward to go
82,185.82233189108905,82,Reward to go
83,213.51949855326973,83,Reward to go
84,220.49551342452847,84,Reward to go
85,213.23574080707994,85,Reward to go
86,192.48310960123882,86,Reward to go
87,201.35938128653683,87,Reward to go
88,207.62638070119914,88,Reward to go
89,222.02318434377122,89,Reward to go
90,194.4312894755851,90,Reward to go
91,221.517308632991,91,Reward to go
92,190.06072731541633,92,Reward to go
93,192.25503796708543,93,Reward to go
94,176.51822378849576,94,Reward to go
95,188.14947039919286,95,Reward to go
96,167.3828845516411,96,Reward to go
97,174.66913487866645,97,Reward to go
98,157.08100850190252,98,Reward to go
99,152.53729516853724,99,Reward to go
100,152.7770277505782,100,Reward to go
101,172.02117703392878,101,Reward to go
102,164.1056777340515,102,Reward to go
103,163.89859596179826,103,Reward to go
104,132.28843604259424,104,Reward to go
105,60.779601462180004,105,Reward to go
106,44.57433127111319,106,Reward to go
107,30.692719102382046,107,Reward to go
108,24.465433706159473,108,Reward to go
109,21.505923332318662,109,Reward to go
110,18.44398025216142,110,Reward to go
111,21.290714907718982,111,Reward to go
112,25.765851067203535,112,Reward to go
113,22.75482310149304,113,Reward to go
114,30.26619607677912,114,Reward to go
115,27.113651657390058,115,Reward to go
116,28.948131342503505,116,Reward to go
117,52.611970719578196,117,Reward to go
118,43.358264719776734,118,Reward to go
119,80.83756165765169,119,Reward to go
120,91.10451572296499,120,Reward to go
121,96.40589199131074,121,Reward to go
122,123.16248299972031,122,Reward to go
123,117.70115142603133,123,Reward to go
124,150.90233200579004,124,Reward to go
125,151.56720996740646,125,Reward to go
126,132.0932549314326,126,Reward to go
127,139.18180525412617,127,Reward to go
128,116.91073406212901,128,Reward to go
129,122.45703810298724,129,Reward to go
130,133.6868200092962,130,Reward to go
131,149.7887881405321,131,Reward to go
132,134.9145999044917,132,Reward to go
133,140.69872934931374,133,Reward to go
134,182.6233411845885,134,Reward to go
135,176.03339352977767,135,Reward to go
136,138.69149028640098,136,Reward to go
137,168.22363402803057,137,Reward to go
138,164.59308268272594,138,Reward to go
139,186.03373241596555,139,Reward to go
140,195.6225235829351,140,Reward to go
141,194.49974126447,141,Reward to go
142,175.78015423599734,142,Reward to go
143,188.45253181455163,143,Reward to go
144,197.67176975626023,144,Reward to go
145,190.08111978775338,145,Reward to go
146,177.43567251965789,146,Reward to go
147,195.66983938499234,147,Reward to go
148,184.41032952522556,148,Reward to go
149,190.62478835228322,149,Reward to go
150,174.88405425826562,150,Reward to go
151,190.6959508091173,151,Reward to go
152,195.8571849716426,152,Reward to go
153,169.29569776084247,153,Reward to go
154,182.97968737026144,154,Reward to go
155,177.9590911874656,155,Reward to go
156,200.89848814505828,156,Reward to go
157,190.49809110143872,157,Reward to go
158,192.039989275695,158,Reward to go
159,199.30155399234675,159,Reward to go
160,207.05894735588404,160,Reward to go
161,202.83147719752168,161,Reward to go
162,217.95684199188833,162,Reward to go
163,203.36022486638646,163,Reward to go
164,213.07566317269428,164,Reward to go
165,211.0556405915414,165,Reward to go
166,217.9263741207964,166,Reward to go
167,205.30843230507065,167,Reward to go
168,191.86478250473493,168,Reward to go
169,185.9938607083336,169,Reward to go
170,169.58658105015292,170,Reward to go
171,169.12561267048358,171,Reward to go
172,180.97044318253077,172,Reward to go
173,181.06504290014377,173,Reward to go
174,175.56183231522212,174,Reward to go
175,67.09542682806925,175,Reward to go
176,8.165935006253466,176,Reward to go
177,4.185743749945559,177,Reward to go
178,3.0425602096247832,178,Reward to go
179,2.5624713283242824,179,Reward to go
180,2.4226972705838197,180,Reward to go
181,2.3737034880260635,181,Reward to go
182,2.3817846587176548,182,Reward to go
183,2.3978422314004706,183,Reward to go
184,2.416225425082308,184,Reward to go
185,2.481526780262833,185,Reward to go
186,2.560928392631995,186,Reward to go
187,2.5983371266838144,187,Reward to go
188,2.6411000096408985,188,Reward to go
189,2.7000544806054734,189,Reward to go
190,2.693825543191775,190,Reward to go
191,2.7243855092922153,191,Reward to go
192,2.7207188000742573,192,Reward to go
193,2.7076431576607787,193,Reward to go
194,2.742799602401983,194,Reward to go
195,2.71383082359817,195,Reward to go
196,2.7012811802575714,196,Reward to go
197,2.698252736605957,197,Reward to go
198,2.713802470946467,198,Reward to go
199,2.7373686507955637,199,Reward to go
200,2.7224330074101264,200,Reward to go
201,2.761795014106,201,Reward to go
202,2.7764515801598293,202,Reward to go
203,2.7678869832690176,203,Reward to go
204,2.7507496891947443,204,Reward to go
205,2.79263971747124,205,Reward to go
206,2.7880508719394506,206,Reward to go
207,2.788978965193679,207,Reward to go
208,2.8365213370442297,208,Reward to go
209,2.832995872280956,209,Reward to go
210,2.8378811714225662,210,Reward to go
211,2.875801082068953,211,Reward to go
212,2.875381115724252,212,Reward to go
213,2.8952727588294325,213,Reward to go
214,2.9297461080940015,214,Reward to go
215,2.937469025774068,215,Reward to go
216,2.922626927620691,216,Reward to go
217,2.958379846686839,217,Reward to go
218,2.977795799140431,218,Reward to go
219,3.0088578269288853,219,Reward to go
220,3.0148874716134295,220,Reward to go
221,3.047292214238271,221,Reward to go
222,3.072333165620089,222,Reward to go
223,3.0922447715298587,223,Reward to go
224,3.1023734641658294,224,Reward to go
225,3.0653712997781994,225,Reward to go
226,3.0931964950568176,226,Reward to go
227,3.1069406860006294,227,Reward to go
228,3.1231408346950706,228,Reward to go
229,3.184021333000748,229,Reward to go
230,3.157165925393855,230,Reward to go
231,3.1756489404697668,231,Reward to go
232,3.1906177511866263,232,Reward to go
233,3.1876756373891673,233,Reward to go
234,3.1939915292987524,234,Reward to go
235,3.210011291291373,235,Reward to go
236,3.2196978828315985,236,Reward to go
237,3.239016958691086,237,Reward to go
238,3.2597613473521894,238,Reward to go
239,3.249890305432725,239,Reward to go
240,3.2781413327957107,240,Reward to go
241,3.2836583019509233,241,Reward to go
242,3.3312128306155437,242,Reward to go
243,3.3031006485023107,243,Reward to go
244,3.3071336764251753,244,Reward to go
245,3.350630090786313,245,Reward to go
246,3.337258049075181,246,Reward to go
247,3.3608351728989083,247,Reward to go
248,3.379555121427686,248,Reward to go
249,3.387650544703436,249,Reward to go
250,3.3834290756760783,250,Reward to go
251,3.3983080388870985,251,Reward to go
252,3.408381852755652,252,Reward to go
253,3.4029815302133364,253,Reward to go
254,3.4349380367964475,254,Reward to go
255,3.4420523557661835,255,Reward to go
256,3.4729215352407254,256,Reward to go
257,3.4773547280872656,257,Reward to go
258,3.471746415733204,258,Reward to go
259,3.522567876710061,259,Reward to go
260,3.5046444224193483,260,Reward to go
261,3.519897134395811,261,Reward to go
262,3.5290146780760914,262,Reward to go
263,3.5360552920386845,263,Reward to go
264,3.5614609387386444,264,Reward to go
265,3.557412095730435,265,Reward to go
266,3.5730960938625307,266,Reward to go
267,3.5686651818059416,267,Reward to go
268,3.5644987562418478,268,Reward to go
269,3.5690498491493945,269,Reward to go
270,3.5665254529042096,270,Reward to go
271,3.604028284638603,271,Reward to go
272,3.575893367591641,272,Reward to go
273,3.5862247099198075,273,Reward to go
274,3.596846420992797,274,Reward to go
275,3.5983667898768084,275,Reward to go
276,3.5985306522356217,276,Reward to go
277,3.5967179822699555,277,Reward to go
278,3.5958231894638626,278,Reward to go
279,3.624050243184968,279,Reward to go
280,3.6236344001931107,280,Reward to go
281,3.636611325144822,281,Reward to go
282,3.6248494806698752,282,Reward to go
283,3.6254381879030415,283,Reward to go
284,3.639520519571732,284,Reward to go
285,3.620404527715218,285,Reward to go
286,3.6534851654864178,286,Reward to go
287,3.6324617516112196,287,Reward to go
288,3.6482814528094063,288,Reward to go
289,3.6588084551144577,289,Reward to go
290,3.663929328848268,290,Reward to go
291,3.6933644152739644,291,Reward to go
292,3.7037626241520467,292,Reward to go
293,3.709088369298045,293,Reward to go
294,3.694313483622046,294,Reward to go
295,3.7081763045639837,295,Reward to go
296,3.7074382088880373,296,Reward to go
297,3.7292454681175546,297,Reward to go
298,3.7438180732181157,298,Reward to go
299,3.712258562341793,299,Reward to go
300,3.7433473140823006,300,Reward to go
301,3.740334900179224,301,Reward to go
302,3.7331986238878723,302,Reward to go
303,3.7547038215093296,303,Reward to go
304,3.7843249986721963,304,Reward to go
305,3.755536607326661,305,Reward to go
306,3.7703090528241443,306,Reward to go
307,3.78224401994563,307,Reward to go
308,3.782635414774105,308,Reward to go
309,3.766119651376905,309,Reward to go
310,3.8036027629720706,310,Reward to go
311,3.794686392902752,311,Reward to go
312,3.7850274440110256,312,Reward to go
313,3.7957664772933764,313,Reward to go
314,3.8036865786213676,314,Reward to go
315,3.8021390984566854,315,Reward to go
316,3.7869374727983467,316,Reward to go
317,3.833497214178629,317,Reward to go
318,3.8184946629381495,318,Reward to go
319,3.8409139214059493,319,Reward to go
320,3.8712205505827693,320,Reward to go
321,3.8611574318531887,321,Reward to go
322,3.86209152713278,322,Reward to go
323,3.8553125758582345,323,Reward to go
324,3.884996148884591,324,Reward to go
325,3.9099751107803713,325,Reward to go
326,3.9043941971724676,326,Reward to go
327,3.9064474976761807,327,Reward to go
328,3.9382329957152717,328,Reward to go
329,3.952955347993762,329,Reward to go
330,3.904204242277214,330,Reward to go
331,3.958879012288284,331,Reward to go
332,3.95496531037021,332,Reward to go
333,3.9900479055960734,333,Reward to go
334,3.993450868341408,334,Reward to go
335,3.996410616594601,335,Reward to go
336,4.0013411622062245,336,Reward to go
337,4.043232228953448,337,Reward to go
338,4.049554159333553,338,Reward to go
339,4.053674014843629,339,Reward to go
340,4.0595931933006515,340,Reward to go
341,4.072273221143438,341,Reward to go
342,4.117805434236103,342,Reward to go
343,4.129602959366738,343,Reward to go
344,4.119118208337626,344,Reward to go
345,4.129630793238988,345,Reward to go
346,4.176096509552732,346,Reward to go
347,4.149276686403076,347,Reward to go
348,4.175553410966904,348,Reward to go
349,4.184022892135845,349,Reward to go
350,4.1830064639764934,350,Reward to go
351,4.245403051721378,351,Reward to go
352,4.213825118961634,352,Reward to go
353,4.249653957830693,353,Reward to go
354,4.224834539449985,354,Reward to go
355,4.233022367248082,355,Reward to go
356,4.256984419526335,356,Reward to go
357,4.2393794114478585,357,Reward to go
358,4.25690021555059,358,Reward to go
359,4.269941470741848,359,Reward to go
360,4.2517871215179595,360,Reward to go
361,4.2674234157409074,361,Reward to go
362,4.282536317482317,362,Reward to go
363,4.253713327863991,363,Reward to go
364,4.263699209140089,364,Reward to go
365,4.25472201716918,365,Reward to go
366,4.256478962996405,366,Reward to go
367,4.2581703152728645,367,Reward to go
368,4.262247609865386,368,Reward to go
369,4.327920162247525,369,Reward to go
370,4.341387982177446,370,Reward to go
371,4.258224499006121,371,Reward to go
372,4.319999586145974,372,Reward to go
373,4.321420745382291,373,Reward to go
374,4.319166998139696,374,Reward to go
375,4.319156091194434,375,Reward to go
376,4.313205012706402,376,Reward to go
377,4.303737016798534,377,Reward to go
378,4.368072379843834,378,Reward to go
379,4.341839631125828,379,Reward to go
380,4.3567745719317,380,Reward to go
381,4.349154300812238,381,Reward to go
382,4.340009605066093,382,Reward to go
383,4.3663999579895325,383,Reward to go
384,4.363879723242569,384,Reward to go
385,4.376029459271248,385,Reward to go
386,4.374835656671454,386,Reward to go
387,4.409935047669524,387,Reward to go
388,4.38320417492321,388,Reward to go
389,4.394661498026763,389,Reward to go
390,4.423020487921247,390,Reward to go
391,4.356336736403763,391,Reward to go
392,4.398242984795053,392,Reward to go
393,4.346773273378065,393,Reward to go
394,4.327916149122312,394,Reward to go
395,4.323578852619824,395,Reward to go
396,4.317048028877331,396,Reward to go
397,4.3600060757963846,397,Reward to go
398,4.299709914343664,398,Reward to go
399,4.33779683820534,399,Reward to go
400,4.302579081112071,400,Reward to go
401,4.317664010828889,401,Reward to go
402,4.355889875181926,402,Reward to go
403,4.330748743306138,403,Reward to go
404,4.379137241727946,404,Reward to go
405,4.391659827150639,405,Reward to go
406,4.392345808293509,406,Reward to go
407,4.388549289800816,407,Reward to go
408,4.468202910621,408,Reward to go
409,4.424239084122564,409,Reward to go
410,4.430807070641882,410,Reward to go
411,4.437443268824759,411,Reward to go
412,4.450227125137962,412,Reward to go
413,4.471966886656062,413,Reward to go
414,4.468796850103294,414,Reward to go
415,4.442755576057413,415,Reward to go
416,4.46923783211877,416,Reward to go
417,4.509538534418243,417,Reward to go
418,4.523912307514448,418,Reward to go
419,4.538222749470537,419,Reward to go
420,4.519467144247451,420,Reward to go
421,4.524488900524375,421,Reward to go
422,4.547938004531981,422,Reward to go
423,4.540589512874343,423,Reward to go
424,4.520205270824294,424,Reward to go
425,4.561543450807929,425,Reward to go
426,4.544090232139292,426,Reward to go
427,4.546492754277086,427,Reward to go
428,4.527246477543263,428,Reward to go
429,4.561174708719894,429,Reward to go
430,4.52960750938457,430,Reward to go
431,4.520827086835095,431,Reward to go
432,4.567904384317931,432,Reward to go
433,4.568317350537421,433,Reward to go
434,4.558534624940215,434,Reward to go
435,4.529803785983771,435,Reward to go
436,4.524356062423889,436,Reward to go
437,4.539944812582624,437,Reward to go
438,4.502027272304659,438,Reward to go
439,4.524687497468836,439,Reward to go
440,4.512252412026496,440,Reward to go
441,4.48893961963833,441,Reward to go
442,4.536238179239901,442,Reward to go
443,4.576495909224283,443,Reward to go
444,4.567856106553884,444,Reward to go
445,4.553617413462397,445,Reward to go
446,4.551041200948054,446,Reward to go
447,4.577689873017823,447,Reward to go
448,4.5372990801260515,448,Reward to go
449,4.555939154585827,449,Reward to go
450,4.531085179757838,450,Reward to go
451,4.560398662587122,451,Reward to go
452,4.548975743046107,452,Reward to go
453,4.601893173702195,453,Reward to go
454,4.590074283257787,454,Reward to go
455,4.571426072810338,455,Reward to go
456,4.575842552896034,456,Reward to go
457,4.648442069650943,457,Reward to go
458,4.595705863761781,458,Reward to go
459,4.6222140398978935,459,Reward to go
460,4.6272539373456505,460,Reward to go
461,4.6410080736818635,461,Reward to go
462,4.637300398507402,462,Reward to go
463,4.617069787845599,463,Reward to go
464,4.643321459760554,464,Reward to go
465,4.660492313919375,465,Reward to go
466,4.649169817681471,466,Reward to go
467,4.623125711643968,467,Reward to go
468,4.646345888022441,468,Reward to go
469,4.6258978540655775,469,Reward to go
470,4.655344727210051,470,Reward to go
471,4.723803450891572,471,Reward to go
472,4.733532567116363,472,Reward to go
473,4.756497813114311,473,Reward to go
474,4.786287950880434,474,Reward to go
475,4.757694150034361,475,Reward to go
476,4.807487522381059,476,Reward to go
477,4.808074132215707,477,Reward to go
478,4.842352016170778,478,Reward to go
479,4.799325639407826,479,Reward to go
480,4.80563399427407,480,Reward to go
481,4.828784749668492,481,Reward to go
482,4.845190365779221,482,Reward to go
483,4.836062991726408,483,Reward to go
484,4.817641864157222,484,Reward to go
485,4.856736123822725,485,Reward to go
486,4.85334139852253,486,Reward to go
487,4.831313399444165,487,Reward to go
488,4.858013682069976,488,Reward to go
489,4.862036989723872,489,Reward to go
490,4.899533508446895,490,Reward to go
491,4.872738734278403,491,Reward to go
492,4.839336868943577,492,Reward to go
493,4.877194376499763,493,Reward to go
494,4.853158920384635,494,Reward to go
495,4.850325880416553,495,Reward to go
496,4.857055842186301,496,Reward to go
497,4.865428534183079,497,Reward to go
498,4.8982678408405675,498,Reward to go
499,4.8772182678533404,499,Reward to go
500,10.739006727332736,0,Reward to go
501,99.8847630478626,1,Reward to go
502,102.14093907834156,2,Reward to go
503,20.50989359269345,3,Reward to go
504,23.449769701167597,4,Reward to go
505,46.833818313303155,5,Reward to go
506,71.34319932836843,6,Reward to go
507,207.5940524115767,7,Reward to go
508,215.5529330035284,8,Reward to go
509,210.25899182608387,9,Reward to go
510,185.3778505922664,10,Reward to go
511,168.53959749017145,11,Reward to go
512,156.18809739472752,12,Reward to go
513,129.41282283462743,13,Reward to go
514,121.41448437210703,14,Reward to go
515,111.78121043776535,15,Reward to go
516,117.91056485300297,16,Reward to go
517,127.57597668474763,17,Reward to go
518,151.78252808918387,18,Reward to go
519,165.48209498605314,19,Reward to go
520,162.57940208484717,20,Reward to go
521,147.8315762303826,21,Reward to go
522,130.25776053254611,22,Reward to go
523,112.30582735628866,23,Reward to go
524,129.3402050354047,24,Reward to go
525,160.63380260586396,25,Reward to go
526,200.66621550916724,26,Reward to go
527,194.83417748210488,27,Reward to go
528,218.44349534665335,28,Reward to go
529,202.15984325209138,29,Reward to go
530,197.91884189499729,30,Reward to go
531,218.04976721667262,31,Reward to go
532,222.85120579673867,32,Reward to go
533,209.92296802296943,33,Reward to go
534,219.8481230816905,34,Reward to go
535,235.95218920130648,35,Reward to go
536,238.60727118031375,36,Reward to go
537,251.6696158120001,37,Reward to go
538,280.6834851166222,38,Reward to go
539,322.60481344361966,39,Reward to go
540,263.25647686830337,40,Reward to go
541,217.7096713494322,41,Reward to go
542,133.60918223252722,42,Reward to go
543,95.2282571830078,43,Reward to go
544,87.24886234957204,44,Reward to go
545,122.27067100576278,45,Reward to go
546,179.0813489299749,46,Reward to go
547,201.7773838770732,47,Reward to go
548,205.34571065358978,48,Reward to go
549,195.23500855793793,49,Reward to go
550,136.954460681449,50,Reward to go
551,130.79078255568038,51,Reward to go
552,126.2653794796989,52,Reward to go
553,202.457100134453,53,Reward to go
554,216.56908268219894,54,Reward to go
555,233.04925764224362,55,Reward to go
556,226.18925029798564,56,Reward to go
557,212.45271483555817,57,Reward to go
558,201.31622024777607,58,Reward to go
559,196.82351588707905,59,Reward to go
560,176.39837074643017,60,Reward to go
561,148.92447560418455,61,Reward to go
562,133.48225809091335,62,Reward to go
563,126.09687395649165,63,Reward to go
564,114.97434598892904,64,Reward to go
565,99.84882496887907,65,Reward to go
566,101.0103932492549,66,Reward to go
567,114.90636597418916,67,Reward to go
568,125.36689207545032,68,Reward to go
569,124.83551340910785,69,Reward to go
570,125.82365485062085,70,Reward to go
571,124.3499748467574,71,Reward to go
572,122.12932533413175,72,Reward to go
573,133.1397453688237,73,Reward to go
574,136.2397005892795,74,Reward to go
575,142.5700689055918,75,Reward to go
576,141.79821111495212,76,Reward to go
577,133.61793684447957,77,Reward to go
578,116.3824589137434,78,Reward to go
579,96.81180655722291,79,Reward to go
580,100.5485953890728,80,Reward to go
581,117.69385479153625,81,Reward to go
582,132.2574908497086,82,Reward to go
583,132.7047905085694,83,Reward to go
584,139.35348341976655,84,Reward to go
585,149.30103539995096,85,Reward to go
586,141.97165997799476,86,Reward to go
587,149.89321212899353,87,Reward to go
588,142.34549933560706,88,Reward to go
589,143.8434715369043,89,Reward to go
590,149.35401342711245,90,Reward to go
591,159.36912395924128,91,Reward to go
592,147.53777722202858,92,Reward to go
593,147.73559422179704,93,Reward to go
594,137.64549985670513,94,Reward to go
595,148.8951517280684,95,Reward to go
596,147.9051483267227,96,Reward to go
597,169.09937135797506,97,Reward to go
598,179.62989531442807,98,Reward to go
599,202.6606075702149,99,Reward to go
600,200.10275772314827,100,Reward to go
601,183.37511851631996,101,Reward to go
602,190.07271801851408,102,Reward to go
603,179.0817831780137,103,Reward to go
604,198.8990878765376,104,Reward to go
605,230.5833443552747,105,Reward to go
606,226.01770658000487,106,Reward to go
607,222.69536829212674,107,Reward to go
608,230.62433356789128,108,Reward to go
609,229.11501479218583,109,Reward to go
610,252.2887897824662,110,Reward to go
611,225.2791348724176,111,Reward to go
612,221.25024959095086,112,Reward to go
613,209.4435900521588,113,Reward to go
614,208.11965144731423,114,Reward to go
615,203.20517726834478,115,Reward to go
616,208.90761778723746,116,Reward to go
617,209.95768114630633,117,Reward to go
618,217.63667559312583,118,Reward to go
619,221.6051742255619,119,Reward to go
620,212.11282459547812,120,Reward to go
621,199.90604319986633,121,Reward to go
622,193.10666192732373,122,Reward to go
623,189.3608815084793,123,Reward to go
624,214.03118221555656,124,Reward to go
625,232.4800344101044,125,Reward to go
626,249.93224672713345,126,Reward to go
627,257.8253872291725,127,Reward to go
628,181.68943859607643,128,Reward to go
629,159.02985064213482,129,Reward to go
630,158.39035907132353,130,Reward to go
631,112.19738535993966,131,Reward to go
632,100.044003229887,132,Reward to go
633,101.09014456141695,133,Reward to go
634,82.18265344600947,134,Reward to go
635,73.83901980045745,135,Reward to go
636,80.04376829689309,136,Reward to go
637,69.62443577538964,137,Reward to go
638,70.81754425097536,138,Reward to go
639,78.97406612071713,139,Reward to go
640,95.25758598499729,140,Reward to go
641,92.72690582928344,141,Reward to go
642,104.99145389935039,142,Reward to go
643,114.31702128363965,143,Reward to go
644,126.57283160575726,144,Reward to go
645,147.0105853483493,145,Reward to go
646,175.63284655868614,146,Reward to go
647,160.36012281242895,147,Reward to go
648,177.0311509528645,148,Reward to go
649,184.3218860307101,149,Reward to go
650,172.58922704869923,150,Reward to go
651,149.97984756808975,151,Reward to go
652,151.04188600007197,152,Reward to go
653,161.3788187504885,153,Reward to go
654,164.0734173307838,154,Reward to go
655,213.48559326736367,155,Reward to go
656,181.78687405314693,156,Reward to go
657,226.6784745197332,157,Reward to go
658,206.1095136797554,158,Reward to go
659,189.57341143884608,159,Reward to go
660,235.63628644366736,160,Reward to go
661,200.89137388932159,161,Reward to go
662,187.00452470939805,162,Reward to go
663,181.06036298577646,163,Reward to go
664,164.51188804165685,164,Reward to go
665,194.3905405954575,165,Reward to go
666,146.29094941407615,166,Reward to go
667,140.4759684078285,167,Reward to go
668,136.8991243384455,168,Reward to go
669,116.9405332729558,169,Reward to go
670,113.97409394812341,170,Reward to go
671,103.03367924466542,171,Reward to go
672,95.22027122865217,172,Reward to go
673,83.85981547011161,173,Reward to go
674,83.12835914598077,174,Reward to go
675,84.1732450351932,175,Reward to go
676,90.88082415196664,176,Reward to go
677,91.58308985386525,177,Reward to go
678,95.21010999576116,178,Reward to go
679,99.43951308004011,179,Reward to go
680,108.09845772410527,180,Reward to go
681,125.53227391033388,181,Reward to go
682,168.35019321648778,182,Reward to go
683,328.99397923403177,183,Reward to go
684,952.8361785837036,184,Reward to go
685,971.6006268632119,185,Reward to go
686,861.2186672446593,186,Reward to go
687,235.8694209349706,187,Reward to go
688,215.04335896528414,188,Reward to go
689,216.30979521591553,189,Reward to go
690,220.77940172775916,190,Reward to go
691,216.47976357150424,191,Reward to go
692,218.7665132649926,192,Reward to go
693,219.7892954334163,193,Reward to go
694,223.13902274628938,194,Reward to go
695,225.10486729970012,195,Reward to go
696,236.02558865658574,196,Reward to go
697,239.46219150982685,197,Reward to go
698,234.65146102222448,198,Reward to go
699,238.49372758576695,199,Reward to go
700,236.86376694674183,200,Reward to go
701,234.96641164808977,201,Reward to go
702,227.4874559111742,202,Reward to go
703,220.55366793084443,203,Reward to go
704,232.26531049211,204,Reward to go
705,224.00858744855728,205,Reward to go
706,226.50051525527687,206,Reward to go
707,236.28503137754169,207,Reward to go
708,252.61051689364723,208,Reward to go
709,276.82625248492656,209,Reward to go
710,287.0521578003808,210,Reward to go
711,302.5978672168509,211,Reward to go
712,348.22906000361183,212,Reward to go
713,357.975752025661,213,Reward to go
714,374.2379228825629,214,Reward to go
715,353.0192044231093,215,Reward to go
716,378.32046902895866,216,Reward to go
717,340.59819786771703,217,Reward to go
718,333.8418615710854,218,Reward to go
719,319.10568184955395,219,Reward to go
720,308.8741172913329,220,Reward to go
721,276.5569997275263,221,Reward to go
722,257.962078120255,222,Reward to go
723,240.49217723898386,223,Reward to go
724,230.85657452747768,224,Reward to go
725,220.39601902478464,225,Reward to go
726,207.25626774883386,226,Reward to go
727,198.11435230446133,227,Reward to go
728,192.96539954376712,228,Reward to go
729,193.82617809878553,229,Reward to go
730,195.09043586665504,230,Reward to go
731,192.48711986536136,231,Reward to go
732,194.97594050065686,232,Reward to go
733,194.3775877847586,233,Reward to go
734,194.02986315457798,234,Reward to go
735,191.13476347589474,235,Reward to go
736,187.2407238526121,236,Reward to go
737,187.50076346998625,237,Reward to go
738,186.7275181032153,238,Reward to go
739,188.1204965321527,239,Reward to go
740,187.9967502630357,240,Reward to go
741,187.5553811388905,241,Reward to go
742,189.11809888268937,242,Reward to go
743,188.45501178315513,243,Reward to go
744,189.47847621200927,244,Reward to go
745,192.67661527930653,245,Reward to go
746,196.6383750331311,246,Reward to go
747,198.22682874900144,247,Reward to go
748,205.1796265294517,248,Reward to go
749,208.68623680185462,249,Reward to go
750,203.31281325647507,250,Reward to go
751,209.39197248466905,251,Reward to go
752,211.0552240993985,252,Reward to go
753,209.75853534593062,253,Reward to go
754,210.5955986140507,254,Reward to go
755,208.54812516047915,255,Reward to go
756,201.30596479814355,256,Reward to go
757,203.62842514323532,257,Reward to go
758,205.82381140432545,258,Reward to go
759,204.49452421020035,259,Reward to go
760,204.3826577884513,260,Reward to go
761,203.0069773975712,261,Reward to go
762,202.2529195711396,262,Reward to go
763,196.22944348024572,263,Reward to go
764,193.26737943922964,264,Reward to go
765,190.5286608601403,265,Reward to go
766,187.39070899061903,266,Reward to go
767,185.55767392178237,267,Reward to go
768,180.7366395097207,268,Reward to go
769,182.2703855055081,269,Reward to go
770,180.54473659096473,270,Reward to go
771,177.9727154607617,271,Reward to go
772,180.35844702618073,272,Reward to go
773,177.94400540306893,273,Reward to go
774,177.5179786472518,274,Reward to go
775,176.71679541832995,275,Reward to go
776,175.73073028256002,276,Reward to go
777,175.3944387136479,277,Reward to go
778,172.9217699547573,278,Reward to go
779,175.1404573880261,279,Reward to go
780,176.16867954854985,280,Reward to go
781,179.13176750318507,281,Reward to go
782,180.11749281453575,282,Reward to go
783,181.90204297731438,283,Reward to go
784,181.70317108861022,284,Reward to go
785,182.81226591353513,285,Reward to go
786,181.23040358405163,286,Reward to go
787,179.58306126688566,287,Reward to go
788,179.54776187098733,288,Reward to go
789,178.26662610506236,289,Reward to go
790,176.81264511565013,290,Reward to go
791,173.5274096360602,291,Reward to go
792,173.0311688879378,292,Reward to go
793,174.91704462902365,293,Reward to go
794,175.22643291417046,294,Reward to go
795,175.0937514397945,295,Reward to go
796,176.2693845453322,296,Reward to go
797,176.29771556442623,297,Reward to go
798,175.9559283498456,298,Reward to go
799,173.794146958638,299,Reward to go
800,173.8618969956709,300,Reward to go
801,173.3916367654061,301,Reward to go
802,174.9936534135149,302,Reward to go
803,175.68633523483274,303,Reward to go
804,178.53499704055957,304,Reward to go
805,178.39266777935794,305,Reward to go
806,176.88385598095277,306,Reward to go
807,178.36427743685584,307,Reward to go
808,176.33994064957477,308,Reward to go
809,175.49150073350893,309,Reward to go
810,179.4110132047298,310,Reward to go
811,174.43907056134177,311,Reward to go
812,168.22628792500785,312,Reward to go
813,166.0695650481716,313,Reward to go
814,158.00184780574392,314,Reward to go
815,151.01244011276998,315,Reward to go
816,147.38057918095194,316,Reward to go
817,141.73944262479503,317,Reward to go
818,138.33123618647085,318,Reward to go
819,130.13593099738765,319,Reward to go
820,99.24119490844471,320,Reward to go
821,85.26773813539094,321,Reward to go
822,77.82872463254968,322,Reward to go
823,73.38467544184176,323,Reward to go
824,70.57522129912267,324,Reward to go
825,68.81992625013156,325,Reward to go
826,67.64808215537931,326,Reward to go
827,68.14621891230357,327,Reward to go
828,70.09047413139588,328,Reward to go
829,71.08792932414116,329,Reward to go
830,73.62791387750883,330,Reward to go
831,75.25044656979378,331,Reward to go
832,79.54278211152341,332,Reward to go
833,105.62978106898325,333,Reward to go
834,104.68691638588658,334,Reward to go
835,95.24784394591238,335,Reward to go
836,115.19425142941564,336,Reward to go
837,112.04980202320924,337,Reward to go
838,96.8126957018311,338,Reward to go
839,89.92673218696144,339,Reward to go
840,92.68585412733853,340,Reward to go
841,103.02983500357769,341,Reward to go
842,112.62522029150526,342,Reward to go
843,113.5691659238569,343,Reward to go
844,107.08421479320765,344,Reward to go
845,110.06783936381824,345,Reward to go
846,113.53125235545757,346,Reward to go
847,131.32133478062522,347,Reward to go
848,163.70277828065738,348,Reward to go
849,171.50404193648694,349,Reward to go
850,168.30620031374687,350,Reward to go
851,167.7568672309818,351,Reward to go
852,167.79539672455365,352,Reward to go
853,170.81832048932043,353,Reward to go
854,170.13454471561442,354,Reward to go
855,168.80563403053353,355,Reward to go
856,169.3355430121843,356,Reward to go
857,170.12071672643523,357,Reward to go
858,170.171003599766,358,Reward to go
859,166.9913238632939,359,Reward to go
860,160.51765981784988,360,Reward to go
861,160.6881368010206,361,Reward to go
862,165.47597551535236,362,Reward to go
863,168.92232535833196,363,Reward to go
864,151.6396885636093,364,Reward to go
865,96.45661020189947,365,Reward to go
866,80.91153474849253,366,Reward to go
867,82.92175707789643,367,Reward to go
868,83.69571030745358,368,Reward to go
869,84.7977309363232,369,Reward to go
870,88.36671385639639,370,Reward to go
871,95.8556749234893,371,Reward to go
872,109.32790922206578,372,Reward to go
873,124.67812127989134,373,Reward to go
874,126.55015562423496,374,Reward to go
875,118.12055030432292,375,Reward to go
876,108.40610959794711,376,Reward to go
877,100.746994052172,377,Reward to go
878,96.5285568657948,378,Reward to go
879,92.77120813876058,379,Reward to go
880,90.17613942681146,380,Reward to go
881,87.44433194990106,381,Reward to go
882,87.19723146059448,382,Reward to go
883,91.80536904555194,383,Reward to go
884,94.73668358161625,384,Reward to go
885,98.2755288196436,385,Reward to go
886,100.64720169044882,386,Reward to go
887,104.21976020691562,387,Reward to go
888,107.97756861557349,388,Reward to go
889,112.40584196711896,389,Reward to go
890,120.72622672449764,390,Reward to go
891,128.4737679901465,391,Reward to go
892,115.55141304570795,392,Reward to go
893,102.37884160125955,393,Reward to go
894,98.93839559222175,394,Reward to go
895,96.05523018283498,395,Reward to go
896,95.93534795616229,396,Reward to go
897,95.34669581170047,397,Reward to go
898,98.38059595693129,398,Reward to go
899,116.46256518281005,399,Reward to go
900,124.5323944337019,400,Reward to go
901,125.6758667413209,401,Reward to go
902,123.11232716460484,402,Reward to go
903,115.79209565599774,403,Reward to go
904,105.45816326727082,404,Reward to go
905,96.91025812508688,405,Reward to go
906,90.94278021017278,406,Reward to go
907,85.72115136924494,407,Reward to go
908,71.40811677180777,408,Reward to go
909,68.54079795005863,409,Reward to go
910,73.33290399240131,410,Reward to go
911,93.24378928036249,411,Reward to go
912,99.81224163204395,412,Reward to go
913,105.80086825129624,413,Reward to go
914,109.83637241717415,414,Reward to go
915,118.18786189560598,415,Reward to go
916,121.60242879141083,416,Reward to go
917,110.10421396937649,417,Reward to go
918,95.24768582672479,418,Reward to go
919,89.72049156282323,419,Reward to go
920,84.26604789100202,420,Reward to go
921,78.18595946965118,421,Reward to go
922,73.45168888840584,422,Reward to go
923,69.64044860977451,423,Reward to go
924,65.68960820417335,424,Reward to go
925,61.34958971063163,425,Reward to go
926,57.94861606894633,426,Reward to go
927,55.67323363387953,427,Reward to go
928,54.06660357592211,428,Reward to go
929,53.142203304919704,429,Reward to go
930,52.866008100690685,430,Reward to go
931,53.211525654073505,431,Reward to go
932,53.80265854842244,432,Reward to go
933,54.59338940309955,433,Reward to go
934,54.98504639861804,434,Reward to go
935,55.767690093765644,435,Reward to go
936,56.53098585652385,436,Reward to go
937,57.32576950082017,437,Reward to go
938,57.99794574282277,438,Reward to go
939,59.09305680101198,439,Reward to go
940,60.15365295109672,440,Reward to go
941,60.72956919237873,441,Reward to go
942,62.163112955351814,442,Reward to go
943,64.86685733278502,443,Reward to go
944,67.4533027966384,444,Reward to go
945,71.34946234113426,445,Reward to go
946,74.63269228331313,446,Reward to go
947,76.75652328665531,447,Reward to go
948,79.24613753332947,448,Reward to go
949,81.25910282889582,449,Reward to go
950,83.47087252442158,450,Reward to go
951,85.48465836424502,451,Reward to go
952,87.92275641919055,452,Reward to go
953,89.30555641034212,453,Reward to go
954,93.1560709078377,454,Reward to go
955,99.57045677434613,455,Reward to go
956,100.79410761641418,456,Reward to go
957,97.96951734387234,457,Reward to go
958,103.14757320759102,458,Reward to go
959,99.92036450058242,459,Reward to go
960,100.70163260831883,460,Reward to go
961,97.40952254991305,461,Reward to go
962,102.7053204030531,462,Reward to go
963,106.68095820284678,463,Reward to go
964,109.91164787286282,464,Reward to go
965,111.1206582427056,465,Reward to go
966,109.94426156651488,466,Reward to go
967,113.11269590207628,467,Reward to go
968,111.4572065576372,468,Reward to go
969,112.78442776166352,469,Reward to go
970,111.75290458969934,470,Reward to go
971,110.18615516290951,471,Reward to go
972,104.14835169587906,472,Reward to go
973,95.41774011778992,473,Reward to go
974,88.6029288144141,474,Reward to go
975,84.51256951249236,475,Reward to go
976,71.49311609969979,476,Reward to go
977,67.06073523909045,477,Reward to go
978,79.19668839593491,478,Reward to go
979,84.81084784645489,479,Reward to go
980,86.36850292627831,480,Reward to go
981,88.0924943508411,481,Reward to go
982,89.58895065188433,482,Reward to go
983,90.62924998235992,483,Reward to go
984,91.79554181472916,484,Reward to go
985,91.77893333102669,485,Reward to go
986,87.97535899308095,486,Reward to go
987,83.45627501307953,487,Reward to go
988,48.338109840966226,488,Reward to go
989,42.03882178149685,489,Reward to go
990,39.94515798435621,490,Reward to go
991,38.55083129115921,491,Reward to go
992,37.82618407302352,492,Reward to go
993,37.18810470338039,493,Reward to go
994,36.89337168962603,494,Reward to go
995,36.963570464778016,495,Reward to go
996,37.15689546619845,496,Reward to go
997,37.57513110315973,497,Reward to go
998,38.05797978619808,498,Reward to go
999,38.497273847399306,499,Reward to go
1000,11.797880443947166,0,Reward to go
1001,73.11322236300488,1,Reward to go
1002,97.86379462099836,2,Reward to go
1003,836.5513619399347,3,Reward to go
1004,54.95480814104175,4,Reward to go
1005,48.04107706301281,5,Reward to go
1006,37.52375289355586,6,Reward to go
1007,44.67829963809067,7,Reward to go
1008,131.35303871649594,8,Reward to go
1009,501.67418252867134,9,Reward to go
1010,881.4209449570457,10,Reward to go
1011,425.1957876827985,11,Reward to go
1012,353.1955932595202,12,Reward to go
1013,940.3632778867504,13,Reward to go
1014,330.88085858023675,14,Reward to go
1015,314.518422345451,15,Reward to go
1016,710.1488517080527,16,Reward to go
1017,859.3363884022583,17,Reward to go
1018,754.6948930706956,18,Reward to go
1019,279.21151898577676,19,Reward to go
1020,156.33699932278324,20,Reward to go
1021,109.38987483303937,21,Reward to go
1022,104.45822027830967,22,Reward to go
1023,118.53800068944633,23,Reward to go
1024,183.9067645395956,24,Reward to go
1025,169.97573836982016,25,Reward to go
1026,174.6187005777944,26,Reward to go
1027,181.3669444115292,27,Reward to go
1028,202.11264709684363,28,Reward to go
1029,237.57061065633428,29,Reward to go
1030,344.9477307473296,30,Reward to go
1031,985.0853797066992,31,Reward to go
1032,1013.2963623982738,32,Reward to go
1033,1009.015966733923,33,Reward to go
1034,900.4372497148448,34,Reward to go
1035,484.75098422201586,35,Reward to go
1036,336.43295854925066,36,Reward to go
1037,213.72864296601205,37,Reward to go
1038,185.2273366806457,38,Reward to go
1039,201.62826554244953,39,Reward to go
1040,158.5386340085569,40,Reward to go
1041,224.661305978409,41,Reward to go
1042,238.18482068848598,42,Reward to go
1043,540.303386305867,43,Reward to go
1044,863.501242611063,44,Reward to go
1045,404.4830146074196,45,Reward to go
1046,336.4254963644984,46,Reward to go
1047,240.48606171436495,47,Reward to go
1048,201.29803466057862,48,Reward to go
1049,242.1129293319681,49,Reward to go
1050,331.3552515896635,50,Reward to go
1051,568.7273498704608,51,Reward to go
1052,823.6239728543202,52,Reward to go
1053,874.1224685451565,53,Reward to go
1054,928.9224083152952,54,Reward to go
1055,493.6573011787838,55,Reward to go
1056,295.15300141836826,56,Reward to go
1057,263.5453524633345,57,Reward to go
1058,219.50082833231184,58,Reward to go
1059,214.13582899533603,59,Reward to go
1060,197.1318854469461,60,Reward to go
1061,186.67753160725067,61,Reward to go
1062,196.0480790713573,62,Reward to go
1063,193.65241402901077,63,Reward to go
1064,282.3094512871926,64,Reward to go
1065,357.00256963827377,65,Reward to go
1066,386.59132349050793,66,Reward to go
1067,868.1595952549495,67,Reward to go
1068,979.396164057433,68,Reward to go
1069,985.5602283802772,69,Reward to go
1070,987.30388634394,70,Reward to go
1071,987.859387285359,71,Reward to go
1072,983.197023003266,72,Reward to go
1073,827.7201904757999,73,Reward to go
1074,206.09170695107534,74,Reward to go
1075,101.464890712258,75,Reward to go
1076,52.98921201992344,76,Reward to go
1077,35.203033550465705,77,Reward to go
1078,25.077709436022644,78,Reward to go
1079,25.019654457163593,79,Reward to go
1080,24.61884767979746,80,Reward to go
1081,29.80392391065549,81,Reward to go
1082,39.35489950488421,82,Reward to go
1083,51.67457023513637,83,Reward to go
1084,74.71550313362592,84,Reward to go
1085,102.61365774347351,85,Reward to go
1086,137.65152787688024,86,Reward to go
1087,167.4325694897273,87,Reward to go
1088,203.4160850254981,88,Reward to go
1089,259.98332735279195,89,Reward to go
1090,317.6387586520723,90,Reward to go
1091,211.43436322180722,91,Reward to go
1092,217.60924256190378,92,Reward to go
1093,304.52395136517043,93,Reward to go
1094,329.0279250844441,94,Reward to go
1095,231.333969649508,95,Reward to go
1096,172.22930973635192,96,Reward to go
1097,133.08131427542924,97,Reward to go
1098,113.72935272839646,98,Reward to go
1099,93.1734714271903,99,Reward to go
1100,91.11346537589368,100,Reward to go
1101,81.06252909093718,101,Reward to go
1102,81.61711251858972,102,Reward to go
1103,76.16868524561153,103,Reward to go
1104,83.61995625437773,104,Reward to go
1105,86.19584910287519,105,Reward to go
1106,84.3253522456044,106,Reward to go
1107,94.56115215973458,107,Reward to go
1108,99.3954116624618,108,Reward to go
1109,105.69726418908076,109,Reward to go
1110,113.08870016977279,110,Reward to go
1111,129.97608452324124,111,Reward to go
1112,148.7010915677818,112,Reward to go
1113,163.50473484613843,113,Reward to go
1114,213.2572381426377,114,Reward to go
1115,313.2581087521186,115,Reward to go
1116,307.7559083781729,116,Reward to go
1117,753.8179423793928,117,Reward to go
1118,947.7530464251466,118,Reward to go
1119,941.0262662607047,119,Reward to go
1120,808.8083950184487,120,Reward to go
1121,998.2541463349518,121,Reward to go
1122,813.8336092772616,122,Reward to go
1123,535.5967513319628,123,Reward to go
1124,456.27576595892697,124,Reward to go
1125,446.9670543019183,125,Reward to go
1126,364.50606561295433,126,Reward to go
1127,311.96858921914634,127,Reward to go
1128,321.8510451482293,128,Reward to go
1129,347.250274512268,129,Reward to go
1130,616.4384574206905,130,Reward to go
1131,1014.5853506626455,131,Reward to go
1132,1010.4482612995306,132,Reward to go
1133,1006.2054753273065,133,Reward to go
1134,1007.6551998188688,134,Reward to go
1135,1007.8599628534494,135,Reward to go
1136,1005.1987198555975,136,Reward to go
1137,988.607507347339,137,Reward to go
1138,972.9622096542117,138,Reward to go
1139,959.409869152752,139,Reward to go
1140,949.5057724743725,140,Reward to go
1141,781.2343956085808,141,Reward to go
1142,362.41684246770023,142,Reward to go
1143,219.62861378068652,143,Reward to go
1144,166.71271691795482,144,Reward to go
1145,120.2926875906205,145,Reward to go
1146,99.59485095799356,146,Reward to go
1147,83.74913822994543,147,Reward to go
1148,69.67502036559502,148,Reward to go
1149,60.19776309469976,149,Reward to go
1150,50.99829498202095,150,Reward to go
1151,43.35344853430974,151,Reward to go
1152,37.2584278018199,152,Reward to go
1153,32.729627637257835,153,Reward to go
1154,29.927884721546572,154,Reward to go
1155,26.939118451481846,155,Reward to go
1156,25.173534534115092,156,Reward to go
1157,24.00131359252362,157,Reward to go
1158,22.70933366737401,158,Reward to go
1159,21.647198702259907,159,Reward to go
1160,21.554522518989017,160,Reward to go
1161,20.773181238884344,161,Reward to go
1162,20.79884166210164,162,Reward to go
1163,20.938547292763314,163,Reward to go
1164,21.57416571731456,164,Reward to go
1165,21.697772530444468,165,Reward to go
1166,21.610243393410503,166,Reward to go
1167,21.94510371382607,167,Reward to go
1168,23.287024902250096,168,Reward to go
1169,24.032858872299276,169,Reward to go
1170,25.474722933713462,170,Reward to go
1171,25.61465393206655,171,Reward to go
1172,26.79577384031247,172,Reward to go
1173,27.607117118674136,173,Reward to go
1174,28.23484892932995,174,Reward to go
1175,30.167997461628165,175,Reward to go
1176,31.772381907062947,176,Reward to go
1177,32.691472192959665,177,Reward to go
1178,34.07374154665482,178,Reward to go
1179,35.17615144189194,179,Reward to go
1180,36.88351093837859,180,Reward to go
1181,38.93323244626177,181,Reward to go
1182,42.07971608191738,182,Reward to go
1183,43.72094927186385,183,Reward to go
1184,47.33714764649369,184,Reward to go
1185,50.82345432611654,185,Reward to go
1186,53.365036005362604,186,Reward to go
1187,56.31522051457942,187,Reward to go
1188,58.938151269428204,188,Reward to go
1189,63.866649548910736,189,Reward to go
1190,67.55709255706255,190,Reward to go
1191,71.53750686293124,191,Reward to go
1192,72.27775182807109,192,Reward to go
1193,78.00790760020843,193,Reward to go
1194,83.06572599360187,194,Reward to go
1195,83.5424192193774,195,Reward to go
1196,88.84553486799246,196,Reward to go
1197,85.26455740110677,197,Reward to go
1198,85.20751523980763,198,Reward to go
1199,79.89683421568589,199,Reward to go
1200,75.43207974017898,200,Reward to go
1201,74.56763317158418,201,Reward to go
1202,69.06528985753881,202,Reward to go
1203,65.02814510461648,203,Reward to go
1204,59.70569665874414,204,Reward to go
1205,57.657205068986485,205,Reward to go
1206,55.90890879490912,206,Reward to go
1207,52.10657654959881,207,Reward to go
1208,49.00696646014087,208,Reward to go
1209,45.78597143434565,209,Reward to go
1210,43.7329691333718,210,Reward to go
1211,41.585651583886126,211,Reward to go
1212,40.0961488202384,212,Reward to go
1213,38.685095786519504,213,Reward to go
1214,37.254278180230216,214,Reward to go
1215,36.32294647339311,215,Reward to go
1216,35.40175008294644,216,Reward to go
1217,35.08765049875925,217,Reward to go
1218,35.25955616167336,218,Reward to go
1219,35.6686957970413,219,Reward to go
1220,36.968345691547135,220,Reward to go
1221,38.14033477329926,221,Reward to go
1222,39.239906784880276,222,Reward to go
1223,40.799878902421725,223,Reward to go
1224,41.89250283181269,224,Reward to go
1225,43.29721137076088,225,Reward to go
1226,44.46227945437424,226,Reward to go
1227,45.346059386132275,227,Reward to go
1228,45.839857523316965,228,Reward to go
1229,46.923362187857016,229,Reward to go
1230,48.56170374921033,230,Reward to go
1231,50.56953391603026,231,Reward to go
1232,52.972039950237225,232,Reward to go
1233,55.04589823321331,233,Reward to go
1234,56.46657495790217,234,Reward to go
1235,58.34710063223175,235,Reward to go
1236,61.32894134784812,236,Reward to go
1237,66.58081926378811,237,Reward to go
1238,71.11470887240391,238,Reward to go
1239,75.28564675360326,239,Reward to go
1240,82.64098688196097,240,Reward to go
1241,90.5526910724189,241,Reward to go
1242,96.83990213338913,242,Reward to go
1243,96.09226489977186,243,Reward to go
1244,97.75095370966103,244,Reward to go
1245,103.82502494359315,245,Reward to go
1246,106.86396335541313,246,Reward to go
1247,117.13742302363563,247,Reward to go
1248,121.34944201623298,248,Reward to go
1249,132.51233334575286,249,Reward to go
1250,143.72301714144737,250,Reward to go
1251,175.75663479995356,251,Reward to go
1252,192.6189765688244,252,Reward to go
1253,249.61295752738195,253,Reward to go
1254,805.6246755775119,254,Reward to go
1255,632.5843886196078,255,Reward to go
1256,471.95129579852124,256,Reward to go
1257,631.3930358400032,257,Reward to go
1258,783.2534553277059,258,Reward to go
1259,878.299015510033,259,Reward to go
1260,209.50460359462758,260,Reward to go
1261,123.08926401929183,261,Reward to go
1262,88.92786611857358,262,Reward to go
1263,69.2208864597689,263,Reward to go
1264,57.57062700931437,264,Reward to go
1265,52.08861044685795,265,Reward to go
1266,47.20146280546684,266,Reward to go
1267,44.28691787373165,267,Reward to go
1268,41.75996531144113,268,Reward to go
1269,41.12906930988568,269,Reward to go
1270,39.517722417061336,270,Reward to go
1271,39.14700302192018,271,Reward to go
1272,39.4240158169945,272,Reward to go
1273,39.479264693676214,273,Reward to go
1274,40.07912185634614,274,Reward to go
1275,40.94881352392571,275,Reward to go
1276,41.09292367559292,276,Reward to go
1277,42.98230961493794,277,Reward to go
1278,44.72212457842738,278,Reward to go
1279,47.76918690993411,279,Reward to go
1280,50.7732557045447,280,Reward to go
1281,55.40712293017926,281,Reward to go
1282,62.556640153904134,282,Reward to go
1283,69.00378611064689,283,Reward to go
1284,72.94822214708816,284,Reward to go
1285,75.11161448508837,285,Reward to go
1286,74.65051206171229,286,Reward to go
1287,79.12174524912876,287,Reward to go
1288,74.52146472706652,288,Reward to go
1289,70.51682114428584,289,Reward to go
1290,71.02475191583905,290,Reward to go
1291,70.77889580572543,291,Reward to go
1292,73.14300153518657,292,Reward to go
1293,70.14094335159896,293,Reward to go
1294,78.15005475679742,294,Reward to go
1295,80.55110849578651,295,Reward to go
1296,82.09923613836777,296,Reward to go
1297,79.0057173590822,297,Reward to go
1298,90.26242266512932,298,Reward to go
1299,101.33929629162758,299,Reward to go
1300,105.14106589341523,300,Reward to go
1301,124.90784509901337,301,Reward to go
1302,168.7327472249187,302,Reward to go
1303,370.70538330941264,303,Reward to go
1304,793.1118027322873,304,Reward to go
1305,917.1076825726174,305,Reward to go
1306,930.8449614683009,306,Reward to go
1307,947.1957487466949,307,Reward to go
1308,960.522235743616,308,Reward to go
1309,224.74490509371856,309,Reward to go
1310,182.6059181374931,310,Reward to go
1311,296.6601624089047,311,Reward to go
1312,79.0712340538444,312,Reward to go
1313,70.39009114105151,313,Reward to go
1314,79.17564668334433,314,Reward to go
1315,85.04506706742809,315,Reward to go
1316,88.94661772578132,316,Reward to go
1317,93.24428198425505,317,Reward to go
1318,86.2871111247503,318,Reward to go
1319,90.14446629336216,319,Reward to go
1320,93.39736005681647,320,Reward to go
1321,98.30343338112374,321,Reward to go
1322,99.72095796437108,322,Reward to go
1323,104.63991383629423,323,Reward to go
1324,112.03271906239092,324,Reward to go
1325,113.12518255231065,325,Reward to go
1326,108.06617072812782,326,Reward to go
1327,108.72097256613365,327,Reward to go
1328,106.21536254851495,328,Reward to go
1329,106.10910637694914,329,Reward to go
1330,105.1439801884321,330,Reward to go
1331,101.2124887378867,331,Reward to go
1332,91.36428430093476,332,Reward to go
1333,89.24943258567393,333,Reward to go
1334,90.86561152193089,334,Reward to go
1335,85.71822590952651,335,Reward to go
1336,81.78192479617456,336,Reward to go
1337,83.87502578021662,337,Reward to go
1338,83.90532761762397,338,Reward to go
1339,84.10138287406174,339,Reward to go
1340,80.63621701382218,340,Reward to go
1341,81.48603322381838,341,Reward to go
1342,76.16947416363097,342,Reward to go
1343,74.37727659758514,343,Reward to go
1344,70.04873421916082,344,Reward to go
1345,65.38135886589704,345,Reward to go
1346,62.26152042562824,346,Reward to go
1347,62.828026993956925,347,Reward to go
1348,62.598763716028564,348,Reward to go
1349,69.08512929766728,349,Reward to go
1350,71.38822799104435,350,Reward to go
1351,77.84317159370306,351,Reward to go
1352,79.63249075502615,352,Reward to go
1353,79.11065898723982,353,Reward to go
1354,79.94939029283503,354,Reward to go
1355,80.95620608109786,355,Reward to go
1356,79.6377092218783,356,Reward to go
1357,85.1520366784151,357,Reward to go
1358,86.89302260284832,358,Reward to go
1359,77.8004726074691,359,Reward to go
1360,77.7828225022296,360,Reward to go
1361,83.38689586173145,361,Reward to go
1362,87.74430329549085,362,Reward to go
1363,88.67768539342416,363,Reward to go
1364,86.93667220497417,364,Reward to go
1365,86.56048470071075,365,Reward to go
1366,87.63174506222421,366,Reward to go
1367,83.62576165472804,367,Reward to go
1368,74.46787796609648,368,Reward to go
1369,70.63066908175946,369,Reward to go
1370,55.36939356061122,370,Reward to go
1371,57.59594817976028,371,Reward to go
1372,62.77742271351172,372,Reward to go
1373,68.38363470781212,373,Reward to go
1374,73.11767773715312,374,Reward to go
1375,85.65907898679431,375,Reward to go
1376,88.69251688387934,376,Reward to go
1377,91.8069064593346,377,Reward to go
1378,91.12589347631466,378,Reward to go
1379,90.99989199420578,379,Reward to go
1380,89.9306936282122,380,Reward to go
1381,87.81973135297156,381,Reward to go
1382,88.89874091736087,382,Reward to go
1383,87.22381708414878,383,Reward to go
1384,85.85710197773409,384,Reward to go
1385,86.0353032899284,385,Reward to go
1386,87.17319589252624,386,Reward to go
1387,92.08952168180986,387,Reward to go
1388,116.261260461949,388,Reward to go
1389,128.48072333098668,389,Reward to go
1390,156.72503330355755,390,Reward to go
1391,159.20092259057904,391,Reward to go
1392,183.40366493160147,392,Reward to go
1393,204.4080302215961,393,Reward to go
1394,208.71139676077232,394,Reward to go
1395,206.3845925334403,395,Reward to go
1396,194.43525028440342,396,Reward to go
1397,173.57329795379553,397,Reward to go
1398,155.00280197536102,398,Reward to go
1399,147.68688307665354,399,Reward to go
1400,132.2819374854737,400,Reward to go
1401,127.46003787560214,401,Reward to go
1402,125.37871332235514,402,Reward to go
1403,124.67811416405192,403,Reward to go
1404,126.91176878218751,404,Reward to go
1405,130.37275633678684,405,Reward to go
1406,135.67747065072402,406,Reward to go
1407,132.49714181511797,407,Reward to go
1408,141.69760130939562,408,Reward to go
1409,138.10149710209862,409,Reward to go
1410,148.16215818967888,410,Reward to go
1411,158.39515306180758,411,Reward to go
1412,164.86698240379835,412,Reward to go
1413,160.146047883735,413,Reward to go
1414,166.64669633441292,414,Reward to go
1415,152.47755214866203,415,Reward to go
1416,149.09957910094298,416,Reward to go
1417,141.5280365236883,417,Reward to go
1418,141.2161212712172,418,Reward to go
1419,146.54655212707942,419,Reward to go
1420,134.08575967167468,420,Reward to go
1421,141.58527390656008,421,Reward to go
1422,144.66239571222116,422,Reward to go
1423,137.11835310835923,423,Reward to go
1424,154.77400635995045,424,Reward to go
1425,142.8871769454142,425,Reward to go
1426,167.56026022750098,426,Reward to go
1427,141.43074715574875,427,Reward to go
1428,189.27805626736773,428,Reward to go
1429,175.40139655676495,429,Reward to go
1430,168.32614499258642,430,Reward to go
1431,179.25726060834836,431,Reward to go
1432,196.92213021019853,432,Reward to go
1433,231.97949071588502,433,Reward to go
1434,258.4103095986553,434,Reward to go
1435,274.1916565300532,435,Reward to go
1436,268.66321148493324,436,Reward to go
1437,352.9423385256573,437,Reward to go
1438,368.38368284546164,438,Reward to go
1439,387.9831249763412,439,Reward to go
1440,382.5053502541367,440,Reward to go
1441,363.9423837179568,441,Reward to go
1442,334.66013053143865,442,Reward to go
1443,301.3212294335125,443,Reward to go
1444,258.71521525335254,444,Reward to go
1445,257.2247823329072,445,Reward to go
1446,261.7380267018411,446,Reward to go
1447,238.90656466917042,447,Reward to go
1448,191.17244289588606,448,Reward to go
1449,149.95534580861357,449,Reward to go
1450,160.12607188847358,450,Reward to go
1451,178.5325430842337,451,Reward to go
1452,171.25198146388695,452,Reward to go
1453,162.00380823478253,453,Reward to go
1454,148.30456947592307,454,Reward to go
1455,145.61930747650686,455,Reward to go
1456,145.14372209377174,456,Reward to go
1457,139.3764076516884,457,Reward to go
1458,133.2526013468181,458,Reward to go
1459,124.45673460151761,459,Reward to go
1460,116.57699728533699,460,Reward to go
1461,104.1546775026156,461,Reward to go
1462,100.74657196623758,462,Reward to go
1463,82.55022963705571,463,Reward to go
1464,58.59833315581524,464,Reward to go
1465,45.61539843469484,465,Reward to go
1466,40.85109078795549,466,Reward to go
1467,38.96301531018284,467,Reward to go
1468,38.69850805625619,468,Reward to go
1469,37.97244940022367,469,Reward to go
1470,38.29093519719405,470,Reward to go
1471,37.6209239356484,471,Reward to go
1472,37.568236384972096,472,Reward to go
1473,37.63984327689872,473,Reward to go
1474,37.45904941115664,474,Reward to go
1475,37.5267896503353,475,Reward to go
1476,37.316042849396176,476,Reward to go
1477,37.228224508962086,477,Reward to go
1478,37.345084072452636,478,Reward to go
1479,37.279023947368685,479,Reward to go
1480,37.1932935987912,480,Reward to go
1481,37.239030694273254,481,Reward to go
1482,37.45183019455566,482,Reward to go
1483,37.43490744272263,483,Reward to go
1484,37.41460763977,484,Reward to go
1485,37.1971633470755,485,Reward to go
1486,37.405824718935186,486,Reward to go
1487,37.46722621805925,487,Reward to go
1488,37.917211330642736,488,Reward to go
1489,37.47921809677638,489,Reward to go
1490,37.74423287484995,490,Reward to go
1491,37.28050567626733,491,Reward to go
1492,37.678788008210866,492,Reward to go
1493,37.1927516931062,493,Reward to go
1494,38.110862652467034,494,Reward to go
1495,37.53434430124183,495,Reward to go
1496,37.53437654520762,496,Reward to go
1497,37.95300902942672,497,Reward to go
1498,38.21321777346303,498,Reward to go
1499,38.26046091321232,499,Reward to go
1500,16.62560935907339,0,Reward to go
1501,60.398447198774036,1,Reward to go
1502,80.52644619997481,2,Reward to go
1503,94.47962578773883,3,Reward to go
1504,143.19438218836882,4,Reward to go
1505,128.30609066175293,5,Reward to go
1506,117.06934144588705,6,Reward to go
1507,118.86086931077524,7,Reward to go
1508,146.24544227573168,8,Reward to go
1509,277.76618109205515,9,Reward to go
1510,874.6040175120575,10,Reward to go
1511,238.22409961399137,11,Reward to go
1512,241.525568982667,12,Reward to go
1513,946.7071166066154,13,Reward to go
1514,186.8298324466607,14,Reward to go
1515,114.68666332908353,15,Reward to go
1516,99.56429972378191,16,Reward to go
1517,103.25870870018086,17,Reward to go
1518,107.64773247833445,18,Reward to go
1519,129.84192844413894,19,Reward to go
1520,191.82264629675615,20,Reward to go
1521,137.24349624036225,21,Reward to go
1522,146.50789555330147,22,Reward to go
1523,218.39807491754718,23,Reward to go
1524,225.99303723659568,24,Reward to go
1525,204.79471127987057,25,Reward to go
1526,153.82871110485613,26,Reward to go
1527,135.44813127294233,27,Reward to go
1528,129.43644708280516,28,Reward to go
1529,131.66916436122915,29,Reward to go
1530,135.48106316709354,30,Reward to go
1531,131.6770463110684,31,Reward to go
1532,131.82522606102782,32,Reward to go
1533,139.25534844585422,33,Reward to go
1534,146.63989627924659,34,Reward to go
1535,177.3991804614384,35,Reward to go
1536,211.83377800579083,36,Reward to go
1537,187.7433537371728,37,Reward to go
1538,184.17882774206782,38,Reward to go
1539,165.13347120068687,39,Reward to go
1540,104.23526996357295,40,Reward to go
1541,85.60942361932855,41,Reward to go
1542,89.38114065427034,42,Reward to go
1543,115.68345189841627,43,Reward to go
1544,133.62319302770248,44,Reward to go
1545,139.4501922449291,45,Reward to go
1546,147.1451801389686,46,Reward to go
1547,163.22105668028058,47,Reward to go
1548,172.65456903837725,48,Reward to go
1549,174.8438939130137,49,Reward to go
1550,110.14112324549437,50,Reward to go
1551,80.38586914135102,51,Reward to go
1552,67.21310099470861,52,Reward to go
1553,63.239396932629596,53,Reward to go
1554,59.36049544620609,54,Reward to go
1555,60.368462794814405,55,Reward to go
1556,60.10051103854638,56,Reward to go
1557,61.68073607010421,57,Reward to go
1558,61.91834486215692,58,Reward to go
1559,75.21759480663329,59,Reward to go
1560,74.46160374373817,60,Reward to go
1561,108.84861114199987,61,Reward to go
1562,166.30195328713268,62,Reward to go
1563,175.81907285392992,63,Reward to go
1564,178.093015147903,64,Reward to go
1565,188.14668719147392,65,Reward to go
1566,224.60022067393635,66,Reward to go
1567,340.8688108814818,67,Reward to go
1568,832.5487766433213,68,Reward to go
1569,898.2654833239761,69,Reward to go
1570,550.0880250458597,70,Reward to go
1571,392.2525624303862,71,Reward to go
1572,179.4800690057511,72,Reward to go
1573,116.78800814361057,73,Reward to go
1574,86.78733601667341,74,Reward to go
1575,67.96113257623308,75,Reward to go
1576,54.90669028535875,76,Reward to go
1577,44.61928323143623,77,Reward to go
1578,38.488154166783055,78,Reward to go
1579,34.11530269144234,79,Reward to go
1580,28.090506578729652,80,Reward to go
1581,25.919944439962666,81,Reward to go
1582,21.99081730213182,82,Reward to go
1583,21.229789239516943,83,Reward to go
1584,21.024098900464377,84,Reward to go
1585,21.0318642488642,85,Reward to go
1586,22.884132547548496,86,Reward to go
1587,24.529313312915022,87,Reward to go
1588,27.707252998670604,88,Reward to go
1589,31.773076196721476,89,Reward to go
1590,35.66003400219248,90,Reward to go
1591,41.74487190485961,91,Reward to go
1592,49.61308357796758,92,Reward to go
1593,59.76475315388025,93,Reward to go
1594,63.44584638508681,94,Reward to go
1595,67.93793653425499,95,Reward to go
1596,74.99529646933291,96,Reward to go
1597,93.46518527958229,97,Reward to go
1598,107.96529180620449,98,Reward to go
1599,154.66101992070983,99,Reward to go
1600,575.7703934640881,100,Reward to go
1601,879.2751977056643,101,Reward to go
1602,886.5645518948692,102,Reward to go
1603,899.9680281767668,103,Reward to go
1604,917.9813843847787,104,Reward to go
1605,928.4112181597224,105,Reward to go
1606,931.9100168780348,106,Reward to go
1607,942.9768887974565,107,Reward to go
1608,959.6781775700106,108,Reward to go
1609,206.21780055039326,109,Reward to go
1610,139.6256387746754,110,Reward to go
1611,116.52052325594882,111,Reward to go
1612,101.67607926209486,112,Reward to go
1613,93.18269308840365,113,Reward to go
1614,88.12078049531172,114,Reward to go
1615,86.01079691232066,115,Reward to go
1616,91.36805967501944,116,Reward to go
1617,150.18055229825774,117,Reward to go
1618,108.05142208576217,118,Reward to go
1619,62.23162617424058,119,Reward to go
1620,38.30193001898364,120,Reward to go
1621,25.44854460524944,121,Reward to go
1622,24.101599359007917,122,Reward to go
1623,28.5494832355912,123,Reward to go
1624,38.55332637936393,124,Reward to go
1625,59.80704815543946,125,Reward to go
1626,95.54868628452245,126,Reward to go
1627,145.26400676570677,127,Reward to go
1628,149.61333505040253,128,Reward to go
1629,163.55615696503583,129,Reward to go
1630,166.1894154208907,130,Reward to go
1631,170.48754569337984,131,Reward to go
1632,162.59882220126468,132,Reward to go
1633,182.5900174624443,133,Reward to go
1634,190.20281762521077,134,Reward to go
1635,199.71873328740855,135,Reward to go
1636,191.31401772655838,136,Reward to go
1637,188.6994283203976,137,Reward to go
1638,207.19636081904665,138,Reward to go
1639,219.56488404906673,139,Reward to go
1640,247.15544500658748,140,Reward to go
1641,256.9474575154326,141,Reward to go
1642,217.16898987786456,142,Reward to go
1643,157.04863831591533,143,Reward to go
1644,182.2927177099337,144,Reward to go
1645,316.1580581013337,145,Reward to go
1646,495.78889065355474,146,Reward to go
1647,191.62950823622214,147,Reward to go
1648,591.0755521014668,148,Reward to go
1649,494.86350175627285,149,Reward to go
1650,172.1382610275146,150,Reward to go
1651,143.48364944438066,151,Reward to go
1652,143.99209924185422,152,Reward to go
1653,150.0079378170711,153,Reward to go
1654,162.92325450721466,154,Reward to go
1655,187.02761487813842,155,Reward to go
1656,196.55925809558576,156,Reward to go
1657,110.10616008207867,157,Reward to go
1658,125.58969190500788,158,Reward to go
1659,294.2218306272701,159,Reward to go
1660,324.8876971526598,160,Reward to go
1661,308.46505553353506,161,Reward to go
1662,290.9575112575612,162,Reward to go
1663,276.851762904159,163,Reward to go
1664,223.83681563541853,164,Reward to go
1665,211.21456148345285,165,Reward to go
1666,209.59254803937162,166,Reward to go
1667,208.2407031194466,167,Reward to go
1668,220.58432329733716,168,Reward to go
1669,224.5331268433435,169,Reward to go
1670,227.96896583584908,170,Reward to go
1671,238.42333718794916,171,Reward to go
1672,218.75795399598658,172,Reward to go
1673,210.97952397402037,173,Reward to go
1674,208.53647773149646,174,Reward to go
1675,211.4382750856956,175,Reward to go
1676,214.19670626379553,176,Reward to go
1677,230.08094044150099,177,Reward to go
1678,255.92865523286392,178,Reward to go
1679,278.84596489029605,179,Reward to go
1680,272.47570102171346,180,Reward to go
1681,263.11753670031015,181,Reward to go
1682,253.06118312610198,182,Reward to go
1683,231.2916246903334,183,Reward to go
1684,211.25899803210626,184,Reward to go
1685,194.46581638741432,185,Reward to go
1686,178.0822027584113,186,Reward to go
1687,163.4524524896746,187,Reward to go
1688,149.83239004671677,188,Reward to go
1689,138.24577741699753,189,Reward to go
1690,131.44981424314017,190,Reward to go
1691,124.69703496099406,191,Reward to go
1692,122.4574628769461,192,Reward to go
1693,122.20344247485967,193,Reward to go
1694,124.44688613082506,194,Reward to go
1695,133.65790381618635,195,Reward to go
1696,153.12817279272045,196,Reward to go
1697,183.3203139641703,197,Reward to go
1698,224.5086836719775,198,Reward to go
1699,392.24810640473453,199,Reward to go
1700,485.81432091580695,200,Reward to go
1701,457.11013333538915,201,Reward to go
1702,451.99388574226543,202,Reward to go
1703,483.1564673446713,203,Reward to go
1704,512.1404041317884,204,Reward to go
1705,163.87470164011197,205,Reward to go
1706,79.44870715029018,206,Reward to go
1707,65.85442429115331,207,Reward to go
1708,60.51753546841928,208,Reward to go
1709,54.18896755338071,209,Reward to go
1710,51.004273278147124,210,Reward to go
1711,48.85932610607816,211,Reward to go
1712,48.95642165027547,212,Reward to go
1713,49.09468148362529,213,Reward to go
1714,50.75826142743668,214,Reward to go
1715,52.98784780009621,215,Reward to go
1716,56.21764210207276,216,Reward to go
1717,59.31341777574257,217,Reward to go
1718,62.84038726454985,218,Reward to go
1719,67.24965424545682,219,Reward to go
1720,75.78972814758464,220,Reward to go
1721,80.2449753889023,221,Reward to go
1722,97.26500990019554,222,Reward to go
1723,113.70893534981596,223,Reward to go
1724,151.57131232622766,224,Reward to go
1725,264.0582262932834,225,Reward to go
1726,970.1740178655236,226,Reward to go
1727,968.0498360406965,227,Reward to go
1728,961.5459404427894,228,Reward to go
1729,955.7608712160481,229,Reward to go
1730,958.9094189488602,230,Reward to go
1731,693.562603838899,231,Reward to go
1732,343.61390441220243,232,Reward to go
1733,258.3308962790428,233,Reward to go
1734,216.4628792967145,234,Reward to go
1735,190.80638805275902,235,Reward to go
1736,181.268444085973,236,Reward to go
1737,167.44093006641725,237,Reward to go
1738,161.4460007219322,238,Reward to go
1739,159.90724785938892,239,Reward to go
1740,156.13274396988632,240,Reward to go
1741,158.18577198579183,241,Reward to go
1742,156.84497745887907,242,Reward to go
1743,155.07631892857566,243,Reward to go
1744,154.17909620701852,244,Reward to go
1745,156.4694973482142,245,Reward to go
1746,153.55441805274046,246,Reward to go
1747,160.08666579408265,247,Reward to go
1748,161.42024822059713,248,Reward to go
1749,163.11342652615554,249,Reward to go
1750,159.3241248042723,250,Reward to go
1751,158.49878482460556,251,Reward to go
1752,166.8205964253273,252,Reward to go
1753,171.88375016422881,253,Reward to go
1754,174.4870577442537,254,Reward to go
1755,173.73917896344588,255,Reward to go
1756,177.42069312743624,256,Reward to go
1757,181.30475206624962,257,Reward to go
1758,183.94538304256082,258,Reward to go
1759,189.95181087570435,259,Reward to go
1760,193.5084299882428,260,Reward to go
1761,199.82786746573674,261,Reward to go
1762,194.67060837840543,262,Reward to go
1763,199.1972405898872,263,Reward to go
1764,190.56893624544372,264,Reward to go
1765,200.3862030723086,265,Reward to go
1766,204.20948611636916,266,Reward to go
1767,199.32058499070476,267,Reward to go
1768,208.21561185909314,268,Reward to go
1769,210.62265963442948,269,Reward to go
1770,214.20735480743664,270,Reward to go
1771,237.65434547083325,271,Reward to go
1772,283.9105974986209,272,Reward to go
1773,244.9351964196226,273,Reward to go
1774,170.01802160468634,274,Reward to go
1775,119.8813220853993,275,Reward to go
1776,124.17126764688578,276,Reward to go
1777,75.97999159618516,277,Reward to go
1778,108.1874451097462,278,Reward to go
1779,153.53938904184702,279,Reward to go
1780,173.845759958307,280,Reward to go
1781,265.6905916679405,281,Reward to go
1782,271.3327830283275,282,Reward to go
1783,283.4499314201013,283,Reward to go
1784,275.44984467990963,284,Reward to go
1785,311.20086070876806,285,Reward to go
1786,286.5293314044388,286,Reward to go
1787,249.19703059103597,287,Reward to go
1788,219.6228142133513,288,Reward to go
1789,142.32986646942177,289,Reward to go
1790,71.36721281917399,290,Reward to go
1791,47.08746627545934,291,Reward to go
1792,39.31854812874619,292,Reward to go
1793,39.46575439039083,293,Reward to go
1794,40.9262878744383,294,Reward to go
1795,52.10124956844535,295,Reward to go
1796,85.66374275531315,296,Reward to go
1797,184.38472616483213,297,Reward to go
1798,304.70659540547643,298,Reward to go
1799,542.7521811918153,299,Reward to go
1800,815.7992404581366,300,Reward to go
1801,351.4456021624434,301,Reward to go
1802,241.35952194101245,302,Reward to go
1803,169.99881143032013,303,Reward to go
1804,210.35288912164475,304,Reward to go
1805,214.96575974229333,305,Reward to go
1806,250.63987353630702,306,Reward to go
1807,281.5851614675579,307,Reward to go
1808,257.0716566436543,308,Reward to go
1809,246.05449171437607,309,Reward to go
1810,230.04726882472684,310,Reward to go
1811,228.33396142374554,311,Reward to go
1812,182.9834128596471,312,Reward to go
1813,184.5704268427961,313,Reward to go
1814,202.98149994662526,314,Reward to go
1815,184.0754673536907,315,Reward to go
1816,192.80978506529016,316,Reward to go
1817,173.00401048097848,317,Reward to go
1818,148.73727534401303,318,Reward to go
1819,151.02474639303944,319,Reward to go
1820,116.31537563166458,320,Reward to go
1821,132.31527093125658,321,Reward to go
1822,140.11099221579832,322,Reward to go
1823,128.2275840674891,323,Reward to go
1824,149.40786870006642,324,Reward to go
1825,123.99542835368658,325,Reward to go
1826,136.70596025688775,326,Reward to go
1827,149.03216236503494,327,Reward to go
1828,147.3605205920406,328,Reward to go
1829,133.2483543177025,329,Reward to go
1830,150.29107072838775,330,Reward to go
1831,145.27506781159926,331,Reward to go
1832,153.18714980689904,332,Reward to go
1833,177.84625592310653,333,Reward to go
1834,151.7592203941956,334,Reward to go
1835,226.48122048214796,335,Reward to go
1836,185.40983083267818,336,Reward to go
1837,218.85954740117944,337,Reward to go
1838,198.33925960061134,338,Reward to go
1839,219.31068690546914,339,Reward to go
1840,172.16433648082383,340,Reward to go
1841,179.4952890236332,341,Reward to go
1842,212.93823423868375,342,Reward to go
1843,206.6400691618193,343,Reward to go
1844,192.99421474992477,344,Reward to go
1845,193.62372370942612,345,Reward to go
1846,209.73964497017226,346,Reward to go
1847,197.71156761722943,347,Reward to go
1848,195.43351119758998,348,Reward to go
1849,205.3881080580894,349,Reward to go
1850,235.19215197247382,350,Reward to go
1851,250.15005023083552,351,Reward to go
1852,246.6691693279785,352,Reward to go
1853,244.46867030040065,353,Reward to go
1854,258.6453151819658,354,Reward to go
1855,268.3532366920921,355,Reward to go
1856,253.49738050178038,356,Reward to go
1857,273.48044919071293,357,Reward to go
1858,237.5695733572198,358,Reward to go
1859,162.2409873923191,359,Reward to go
1860,170.2379346716858,360,Reward to go
1861,152.2172083001462,361,Reward to go
1862,117.36586539361731,362,Reward to go
1863,106.37782106505543,363,Reward to go
1864,98.03264139841806,364,Reward to go
1865,130.4303234111684,365,Reward to go
1866,94.6227891706291,366,Reward to go
1867,112.13519500713923,367,Reward to go
1868,100.66301831989865,368,Reward to go
1869,109.16959290358257,369,Reward to go
1870,147.92794377992402,370,Reward to go
1871,124.05808680017834,371,Reward to go
1872,156.27339675461258,372,Reward to go
1873,195.25646720743308,373,Reward to go
1874,198.06238405485814,374,Reward to go
1875,206.53138459123426,375,Reward to go
1876,229.77238006439032,376,Reward to go
1877,247.80486899254578,377,Reward to go
1878,240.98994248097623,378,Reward to go
1879,253.8109812961788,379,Reward to go
1880,251.7249982217058,380,Reward to go
1881,245.76353682210825,381,Reward to go
1882,240.15671697750108,382,Reward to go
1883,239.48704015354173,383,Reward to go
1884,252.2490022012426,384,Reward to go
1885,241.0661335242597,385,Reward to go
1886,226.3881558167582,386,Reward to go
1887,222.21953039606348,387,Reward to go
1888,219.48807792641682,388,Reward to go
1889,213.1835757871886,389,Reward to go
1890,214.72586453258964,390,Reward to go
1891,239.91525252334867,391,Reward to go
1892,221.26439808323218,392,Reward to go
1893,225.77563589296543,393,Reward to go
1894,233.905755771819,394,Reward to go
1895,226.40310547745082,395,Reward to go
1896,230.78458579245498,396,Reward to go
1897,230.69732062750057,397,Reward to go
1898,225.41788130372234,398,Reward to go
1899,224.18701633130124,399,Reward to go
1900,224.8084213777166,400,Reward to go
1901,215.0835458544666,401,Reward to go
1902,221.02211329898333,402,Reward to go
1903,223.83168343629356,403,Reward to go
1904,216.50991835867103,404,Reward to go
1905,223.93952700252547,405,Reward to go
1906,218.92998519121676,406,Reward to go
1907,214.0739116953793,407,Reward to go
1908,222.12586892785467,408,Reward to go
1909,215.41862733639522,409,Reward to go
1910,214.34864909107532,410,Reward to go
1911,219.87208157989252,411,Reward to go
1912,221.5667442835011,412,Reward to go
1913,213.99547788052686,413,Reward to go
1914,215.78360711343151,414,Reward to go
1915,206.92769345269122,415,Reward to go
1916,206.37942129663253,416,Reward to go
1917,172.0043094896221,417,Reward to go
1918,144.91818187220167,418,Reward to go
1919,114.98749222824513,419,Reward to go
1920,101.97964312963813,420,Reward to go
1921,96.6881884275864,421,Reward to go
1922,80.96927654620409,422,Reward to go
1923,88.40190525634551,423,Reward to go
1924,88.74456199077268,424,Reward to go
1925,80.42815031671086,425,Reward to go
1926,94.80481021874601,426,Reward to go
1927,84.6848239977238,427,Reward to go
1928,84.10745904613078,428,Reward to go
1929,94.87472338837036,429,Reward to go
1930,71.34889435183635,430,Reward to go
1931,75.44855518578214,431,Reward to go
1932,69.29640877720813,432,Reward to go
1933,77.08066777317224,433,Reward to go
1934,85.73565203283479,434,Reward to go
1935,93.64442823392739,435,Reward to go
1936,79.01525681341836,436,Reward to go
1937,84.61946653348365,437,Reward to go
1938,86.62999527283831,438,Reward to go
1939,76.12190390749475,439,Reward to go
1940,84.96165469482233,440,Reward to go
1941,80.46722322271687,441,Reward to go
1942,83.00851507588399,442,Reward to go
1943,85.52341742903175,443,Reward to go
1944,80.84364484937498,444,Reward to go
1945,82.39702733702133,445,Reward to go
1946,85.29445625870015,446,Reward to go
1947,77.72879482318952,447,Reward to go
1948,80.80856237504752,448,Reward to go
1949,87.31432161753912,449,Reward to go
1950,78.02637338389738,450,Reward to go
1951,69.42949948649225,451,Reward to go
1952,67.14540722723936,452,Reward to go
1953,73.08867905927268,453,Reward to go
1954,69.99572982325553,454,Reward to go
1955,84.33997017119508,455,Reward to go
1956,56.977495299743865,456,Reward to go
1957,70.96343373898556,457,Reward to go
1958,66.0456263412397,458,Reward to go
1959,65.80521527369777,459,Reward to go
1960,65.33129858711702,460,Reward to go
1961,75.52744535874062,461,Reward to go
1962,69.47147668492701,462,Reward to go
1963,80.09998311456997,463,Reward to go
1964,72.36043515835563,464,Reward to go
1965,89.60378393905566,465,Reward to go
1966,77.31390822009831,466,Reward to go
1967,89.60656795557647,467,Reward to go
1968,87.7914541567291,468,Reward to go
1969,94.60228549332025,469,Reward to go
1970,82.01981416752825,470,Reward to go
1971,93.26836103617036,471,Reward to go
1972,82.0231498419721,472,Reward to go
1973,83.60878308617333,473,Reward to go
1974,93.89793109730937,474,Reward to go
1975,101.38799497147482,475,Reward to go
1976,86.95326957398936,476,Reward to go
1977,90.95519588836302,477,Reward to go
1978,93.55542441841148,478,Reward to go
1979,94.2051593155183,479,Reward to go
1980,99.83160611213987,480,Reward to go
1981,88.78972228768973,481,Reward to go
1982,79.84001213986144,482,Reward to go
1983,73.90477849486706,483,Reward to go
1984,77.18921026502895,484,Reward to go
1985,83.24297324726727,485,Reward to go
1986,72.38340188136395,486,Reward to go
1987,83.14901842487323,487,Reward to go
1988,72.84505313941334,488,Reward to go
1989,76.82098691792194,489,Reward to go
1990,76.36087435969841,490,Reward to go
1991,70.88274841513598,491,Reward to go
1992,78.74936664774945,492,Reward to go
1993,75.39893194116182,493,Reward to go
1994,70.60853957682723,494,Reward to go
1995,92.86249409491225,495,Reward to go
1996,95.07724521104794,496,Reward to go
1997,76.64197880879433,497,Reward to go
1998,77.217396681337,498,Reward to go
1999,69.19207926948978,499,Reward to go
2000,16.026471943269186,0,Reward to go
2001,61.63074514170389,1,Reward to go
2002,69.30426917681854,2,Reward to go
2003,75.81481206326359,3,Reward to go
2004,120.162751635068,4,Reward to go
2005,121.39227890987388,5,Reward to go
2006,183.67377084063762,6,Reward to go
2007,183.1203768349318,7,Reward to go
2008,205.79996700591838,8,Reward to go
2009,202.84546168163686,9,Reward to go
2010,194.46381145226175,10,Reward to go
2011,198.66316083460794,11,Reward to go
2012,201.6923033487104,12,Reward to go
2013,204.67240609192862,13,Reward to go
2014,186.62666393841698,14,Reward to go
2015,143.29585999193503,15,Reward to go
2016,177.22549240459014,16,Reward to go
2017,204.5312955508062,17,Reward to go
2018,199.56528838412956,18,Reward to go
2019,192.11261064646737,19,Reward to go
2020,184.59517483322222,20,Reward to go
2021,186.55477562793783,21,Reward to go
2022,190.79635983714618,22,Reward to go
2023,193.83881837524189,23,Reward to go
2024,206.47845835754876,24,Reward to go
2025,206.3934505192194,25,Reward to go
2026,159.042058290928,26,Reward to go
2027,148.08071493380996,27,Reward to go
2028,203.47344374916395,28,Reward to go
2029,199.99133812057832,29,Reward to go
2030,202.37994597140678,30,Reward to go
2031,195.83696013700686,31,Reward to go
2032,198.1668512768416,32,Reward to go
2033,195.9282906590869,33,Reward to go
2034,192.78439189867944,34,Reward to go
2035,191.49261799620913,35,Reward to go
2036,190.28028307593388,36,Reward to go
2037,187.9077345044679,37,Reward to go
2038,183.6378134751932,38,Reward to go
2039,180.4405631844704,39,Reward to go
2040,178.97699442356293,40,Reward to go
2041,175.69258511383742,41,Reward to go
2042,173.6140521949357,42,Reward to go
2043,169.9678379433096,43,Reward to go
2044,166.92868853371297,44,Reward to go
2045,160.96907226587084,45,Reward to go
2046,160.42104129691566,46,Reward to go
2047,164.2901286200629,47,Reward to go
2048,171.1776286265396,48,Reward to go
2049,174.78243436051386,49,Reward to go
2050,180.05489760576188,50,Reward to go
2051,182.78760431941646,51,Reward to go
2052,185.6584454326286,52,Reward to go
2053,196.7732787780452,53,Reward to go
2054,176.81040011961088,54,Reward to go
2055,193.44729763355159,55,Reward to go
2056,193.18563638355295,56,Reward to go
2057,206.12097409346805,57,Reward to go
2058,214.38409010389094,58,Reward to go
2059,221.15209678859443,59,Reward to go
2060,216.35171799902875,60,Reward to go
2061,219.22076618644547,61,Reward to go
2062,225.9023456583202,62,Reward to go
2063,221.45629304573626,63,Reward to go
2064,213.55966926052037,64,Reward to go
2065,220.08264619058625,65,Reward to go
2066,226.6727225607313,66,Reward to go
2067,226.92674924920658,67,Reward to go
2068,228.6957509968246,68,Reward to go
2069,227.797999287208,69,Reward to go
2070,223.45150093812643,70,Reward to go
2071,226.3457989454119,71,Reward to go
2072,220.71698816743256,72,Reward to go
2073,200.89224389665793,73,Reward to go
2074,215.3181284850093,74,Reward to go
2075,204.05523367992487,75,Reward to go
2076,192.36883298804221,76,Reward to go
2077,227.2022125857715,77,Reward to go
2078,235.07863171238822,78,Reward to go
2079,253.35907021203369,79,Reward to go
2080,262.6069351301492,80,Reward to go
2081,263.61798153687573,81,Reward to go
2082,266.1734787163374,82,Reward to go
2083,261.6772376803415,83,Reward to go
2084,256.12190304790454,84,Reward to go
2085,257.9906376019062,85,Reward to go
2086,253.7038882565779,86,Reward to go
2087,263.9512267787074,87,Reward to go
2088,270.79383353130964,88,Reward to go
2089,280.10183667304153,89,Reward to go
2090,293.88651839921584,90,Reward to go
2091,298.01120607975173,91,Reward to go
2092,356.39187491531794,92,Reward to go
2093,462.63766685450526,93,Reward to go
2094,436.0974122176786,94,Reward to go
2095,387.7183395429232,95,Reward to go
2096,358.6097564538872,96,Reward to go
2097,308.323933206979,97,Reward to go
2098,269.5466204452031,98,Reward to go
2099,265.24227418741293,99,Reward to go
2100,250.4057676013135,100,Reward to go
2101,240.94686923960074,101,Reward to go
2102,226.55676872228412,102,Reward to go
2103,234.00887996094667,103,Reward to go
2104,236.8429613739314,104,Reward to go
2105,238.8619807980005,105,Reward to go
2106,239.07725444032314,106,Reward to go
2107,237.3383182183528,107,Reward to go
2108,242.46393634374255,108,Reward to go
2109,239.75528728396176,109,Reward to go
2110,242.0012073154538,110,Reward to go
2111,235.2245161526786,111,Reward to go
2112,214.46241205901592,112,Reward to go
2113,223.4153608002454,113,Reward to go
2114,189.6332705217288,114,Reward to go
2115,178.59777621154717,115,Reward to go
2116,163.91902417949137,116,Reward to go
2117,143.53261736183964,117,Reward to go
2118,167.1109355470737,118,Reward to go
2119,160.40599560919622,119,Reward to go
2120,193.35575284058658,120,Reward to go
2121,203.00122925840907,121,Reward to go
2122,201.26684774243432,122,Reward to go
2123,195.96693942927718,123,Reward to go
2124,201.36008971456477,124,Reward to go
2125,203.24848326455847,125,Reward to go
2126,182.4618456957782,126,Reward to go
2127,206.67818153924466,127,Reward to go
2128,187.34906098202256,128,Reward to go
2129,208.16729757762013,129,Reward to go
2130,203.0450455659947,130,Reward to go
2131,241.94700914304823,131,Reward to go
2132,217.3661328921556,132,Reward to go
2133,226.48088778710633,133,Reward to go
2134,206.58431453048607,134,Reward to go
2135,210.18605656700467,135,Reward to go
2136,215.62728865854493,136,Reward to go
2137,214.41246080778478,137,Reward to go
2138,189.1207227542366,138,Reward to go
2139,214.25431172400243,139,Reward to go
2140,204.73367553320972,140,Reward to go
2141,218.90563026432503,141,Reward to go
2142,206.10609981003262,142,Reward to go
2143,214.1067559034997,143,Reward to go
2144,194.45924357916888,144,Reward to go
2145,186.37300151171897,145,Reward to go
2146,187.32208601333596,146,Reward to go
2147,173.965043703096,147,Reward to go
2148,167.7476239321189,148,Reward to go
2149,165.00919820753975,149,Reward to go
2150,170.5623972840586,150,Reward to go
2151,178.77830231271443,151,Reward to go
2152,197.86713414781212,152,Reward to go
2153,205.25370278091532,153,Reward to go
2154,211.31387134351,154,Reward to go
2155,207.71876237229014,155,Reward to go
2156,211.679338910569,156,Reward to go
2157,213.00226702685129,157,Reward to go
2158,209.47433590844554,158,Reward to go
2159,211.52692350286205,159,Reward to go
2160,208.86575540416422,160,Reward to go
2161,207.04407042711387,161,Reward to go
2162,208.83702271265892,162,Reward to go
2163,207.83782074135883,163,Reward to go
2164,204.2723797004685,164,Reward to go
2165,193.36194971989065,165,Reward to go
2166,190.23395144345866,166,Reward to go
2167,161.13418862329027,167,Reward to go
2168,123.14875559017729,168,Reward to go
2169,120.27206001973991,169,Reward to go
2170,118.46766913991873,170,Reward to go
2171,125.7355194038281,171,Reward to go
2172,130.15927757477297,172,Reward to go
2173,130.73928098553566,173,Reward to go
2174,159.09993491268918,174,Reward to go
2175,153.29958302808782,175,Reward to go
2176,153.73278412292493,176,Reward to go
2177,162.33362839306335,177,Reward to go
2178,211.83532339470906,178,Reward to go
2179,207.79063990541695,179,Reward to go
2180,233.11139961668218,180,Reward to go
2181,220.0853324670893,181,Reward to go
2182,232.2767151247105,182,Reward to go
2183,223.14934135278736,183,Reward to go
2184,224.4520996257607,184,Reward to go
2185,215.5459256737935,185,Reward to go
2186,225.81256416374436,186,Reward to go
2187,215.28113705889606,187,Reward to go
2188,221.2861740251976,188,Reward to go
2189,224.32735743306884,189,Reward to go
2190,210.7954755251496,190,Reward to go
2191,212.18635807688673,191,Reward to go
2192,215.1039859258762,192,Reward to go
2193,213.67911948748397,193,Reward to go
2194,217.7310976132381,194,Reward to go
2195,221.56165217575102,195,Reward to go
2196,217.78842107964147,196,Reward to go
2197,213.13621807220954,197,Reward to go
2198,213.01990398683253,198,Reward to go
2199,210.5813531982672,199,Reward to go
2200,214.04548016443925,200,Reward to go
2201,213.53137972796088,201,Reward to go
2202,208.02097343111438,202,Reward to go
2203,198.17950840900681,203,Reward to go
2204,193.4786024301929,204,Reward to go
2205,174.28081486330132,205,Reward to go
2206,182.6508289798157,206,Reward to go
2207,178.5165004561481,207,Reward to go
2208,188.08445325212793,208,Reward to go
2209,174.56577859994235,209,Reward to go
2210,172.81849430334717,210,Reward to go
2211,171.97994784744776,211,Reward to go
2212,183.94015700773602,212,Reward to go
2213,180.91026287432797,213,Reward to go
2214,193.66944555638352,214,Reward to go
2215,191.1368750531534,215,Reward to go
2216,155.90616003861805,216,Reward to go
2217,175.19825081872963,217,Reward to go
2218,176.09506596730625,218,Reward to go
2219,170.6738918573502,219,Reward to go
2220,191.13911922710597,220,Reward to go
2221,184.40588089406015,221,Reward to go
2222,197.74472863576628,222,Reward to go
2223,210.5452331160257,223,Reward to go
2224,211.51149422637482,224,Reward to go
2225,217.48572412252838,225,Reward to go
2226,206.61205511614034,226,Reward to go
2227,205.80487515960135,227,Reward to go
2228,227.2058791084364,228,Reward to go
2229,232.1245488367184,229,Reward to go
2230,229.00950338501337,230,Reward to go
2231,205.4931487295532,231,Reward to go
2232,209.48303516050882,232,Reward to go
2233,195.054488455255,233,Reward to go
2234,169.67232386650778,234,Reward to go
2235,188.05408223759233,235,Reward to go
2236,172.75306767095682,236,Reward to go
2237,162.41718655949023,237,Reward to go
2238,158.43922233502977,238,Reward to go
2239,155.94284230505863,239,Reward to go
2240,135.71315422657906,240,Reward to go
2241,150.92025721443392,241,Reward to go
2242,133.9924653569911,242,Reward to go
2243,120.92096676976972,243,Reward to go
2244,139.8818281888517,244,Reward to go
2245,156.8950638014726,245,Reward to go
2246,183.18392291740335,246,Reward to go
2247,181.3961364210938,247,Reward to go
2248,219.25766866219806,248,Reward to go
2249,214.50090893111212,249,Reward to go
2250,218.2796532256747,250,Reward to go
2251,227.75014425309087,251,Reward to go
2252,227.3930910272746,252,Reward to go
2253,237.88617508891284,253,Reward to go
2254,232.71787101866775,254,Reward to go
2255,235.9682082183901,255,Reward to go
2256,232.845852278579,256,Reward to go
2257,236.05639118811996,257,Reward to go
2258,228.00062863196305,258,Reward to go
2259,230.35507319936897,259,Reward to go
2260,226.90947669876925,260,Reward to go
2261,218.81553383299118,261,Reward to go
2262,231.30517384165458,262,Reward to go
2263,203.38416604984855,263,Reward to go
2264,207.06637305523316,264,Reward to go
2265,213.22607864240365,265,Reward to go
2266,197.19807581502715,266,Reward to go
2267,184.04404343568677,267,Reward to go
2268,180.86279167844268,268,Reward to go
2269,160.99156334206648,269,Reward to go
2270,148.07012219722924,270,Reward to go
2271,155.7740774729501,271,Reward to go
2272,130.01566029357818,272,Reward to go
2273,144.027104078192,273,Reward to go
2274,142.0004459461455,274,Reward to go
2275,145.911601249954,275,Reward to go
2276,152.16159981803818,276,Reward to go
2277,163.12234174451106,277,Reward to go
2278,176.21530160865473,278,Reward to go
2279,186.8733535359703,279,Reward to go
2280,175.7277458413245,280,Reward to go
2281,192.50484115518142,281,Reward to go
2282,189.9574748391004,282,Reward to go
2283,194.49726844475643,283,Reward to go
2284,184.21638630747995,284,Reward to go
2285,182.7195731183229,285,Reward to go
2286,202.06457928551768,286,Reward to go
2287,198.06219337554845,287,Reward to go
2288,207.89948245839736,288,Reward to go
2289,199.23976833616746,289,Reward to go
2290,193.77503289688227,290,Reward to go
2291,197.83171221826854,291,Reward to go
2292,178.8266511749991,292,Reward to go
2293,185.3372843133269,293,Reward to go
2294,191.07585095045226,294,Reward to go
2295,195.13615190750696,295,Reward to go
2296,205.62902046112688,296,Reward to go
2297,206.2767672554571,297,Reward to go
2298,204.86528293587287,298,Reward to go
2299,200.3835696543665,299,Reward to go
2300,201.36015385469096,300,Reward to go
2301,198.0787802248331,301,Reward to go
2302,205.55786111006594,302,Reward to go
2303,195.14897214944625,303,Reward to go
2304,194.2432861342658,304,Reward to go
2305,183.58349339982033,305,Reward to go
2306,179.6633342379122,306,Reward to go
2307,176.69085087805655,307,Reward to go
2308,172.02178810994386,308,Reward to go
2309,164.3670610040043,309,Reward to go
2310,162.93610760978075,310,Reward to go
2311,144.19511548711705,311,Reward to go
2312,143.6023255642315,312,Reward to go
2313,143.0600537428217,313,Reward to go
2314,137.2151456106203,314,Reward to go
2315,130.39251641061597,315,Reward to go
2316,138.13317522543565,316,Reward to go
2317,131.7411318152643,317,Reward to go
2318,130.5554760160959,318,Reward to go
2319,113.8811992038644,319,Reward to go
2320,112.26157421427575,320,Reward to go
2321,105.49733011441033,321,Reward to go
2322,102.31547214770256,322,Reward to go
2323,95.97050526459591,323,Reward to go
2324,93.24195810141163,324,Reward to go
2325,91.39589791091004,325,Reward to go
2326,84.52073163814957,326,Reward to go
2327,84.30334097416615,327,Reward to go
2328,80.09903141764642,328,Reward to go
2329,80.55760975197364,329,Reward to go
2330,76.60576309444937,330,Reward to go
2331,78.50675613024993,331,Reward to go
2332,73.57752633839566,332,Reward to go
2333,74.75141369277192,333,Reward to go
2334,75.87532049450363,334,Reward to go
2335,79.33964871949969,335,Reward to go
2336,78.3784335807722,336,Reward to go
2337,83.68771223667754,337,Reward to go
2338,80.07782655940258,338,Reward to go
2339,84.23098584402788,339,Reward to go
2340,90.11069105693286,340,Reward to go
2341,88.72405179677361,341,Reward to go
2342,91.9950161196643,342,Reward to go
2343,93.1453968745387,343,Reward to go
2344,96.24593661214092,344,Reward to go
2345,101.34064965203436,345,Reward to go
2346,97.28553316353465,346,Reward to go
2347,104.59870790954872,347,Reward to go
2348,106.28172693983359,348,Reward to go
2349,104.63700140860948,349,Reward to go
2350,109.2044003901221,350,Reward to go
2351,106.63329832195963,351,Reward to go
2352,105.52682606130767,352,Reward to go
2353,111.98288676878339,353,Reward to go
2354,111.11001053252322,354,Reward to go
2355,113.16279256661004,355,Reward to go
2356,117.55928129396021,356,Reward to go
2357,120.79354615900745,357,Reward to go
2358,121.34411857741961,358,Reward to go
2359,123.60965970276317,359,Reward to go
2360,122.93076884750703,360,Reward to go
2361,114.84699444974636,361,Reward to go
2362,108.59755747425636,362,Reward to go
2363,104.49225665450149,363,Reward to go
2364,99.57530550197282,364,Reward to go
2365,96.26776358616114,365,Reward to go
2366,95.3125615470266,366,Reward to go
2367,99.30708908625098,367,Reward to go
2368,105.7205634909591,368,Reward to go
2369,112.13832276615403,369,Reward to go
2370,113.01373723215649,370,Reward to go
2371,115.95374359296586,371,Reward to go
2372,119.36227103758158,372,Reward to go
2373,117.88745292236095,373,Reward to go
2374,119.95975660817795,374,Reward to go
2375,118.8959919627069,375,Reward to go
2376,123.37716433005804,376,Reward to go
2377,112.43986393608746,377,Reward to go
2378,116.51063680970114,378,Reward to go
2379,111.83229577877418,379,Reward to go
2380,111.05836100933631,380,Reward to go
2381,109.61033477590803,381,Reward to go
2382,108.26343888895147,382,Reward to go
2383,111.62216399816498,383,Reward to go
2384,113.74264718172968,384,Reward to go
2385,114.13321032330128,385,Reward to go
2386,123.17093516979004,386,Reward to go
2387,120.82004400250555,387,Reward to go
2388,141.01501700332358,388,Reward to go
2389,153.44946393304318,389,Reward to go
2390,213.0766791828275,390,Reward to go
2391,229.45946227118876,391,Reward to go
2392,273.8092002020818,392,Reward to go
2393,271.5498306240097,393,Reward to go
2394,280.9320291051581,394,Reward to go
2395,290.2040647047346,395,Reward to go
2396,304.857346067551,396,Reward to go
2397,280.42897561770565,397,Reward to go
2398,261.80214216789545,398,Reward to go
2399,339.54285412690666,399,Reward to go
2400,397.1406868019338,400,Reward to go
2401,404.8971387475627,401,Reward to go
2402,460.6846284983772,402,Reward to go
2403,454.9216477555668,403,Reward to go
2404,400.79669759868557,404,Reward to go
2405,179.48841469830168,405,Reward to go
2406,136.5855340980418,406,Reward to go
2407,160.9098529135246,407,Reward to go
2408,246.0675161432515,408,Reward to go
2409,253.62906541792265,409,Reward to go
2410,242.66130677179459,410,Reward to go
2411,279.42352131684856,411,Reward to go
2412,239.57982483820524,412,Reward to go
2413,341.31679321935815,413,Reward to go
2414,343.4683951312196,414,Reward to go
2415,447.6564569170337,415,Reward to go
2416,389.1796619594181,416,Reward to go
2417,362.8260818589372,417,Reward to go
2418,356.05988507828044,418,Reward to go
2419,151.57386442088756,419,Reward to go
2420,50.943263755118224,420,Reward to go
2421,34.41167400970438,421,Reward to go
2422,49.70433174177649,422,Reward to go
2423,172.15243076848546,423,Reward to go
2424,345.2459191941286,424,Reward to go
2425,383.50234102135875,425,Reward to go
2426,374.6887031163308,426,Reward to go
2427,373.1023622712381,427,Reward to go
2428,331.49438458426215,428,Reward to go
2429,318.4945515046734,429,Reward to go
2430,287.91857458355577,430,Reward to go
2431,302.69585736877656,431,Reward to go
2432,247.34486392010777,432,Reward to go
2433,238.81134821824608,433,Reward to go
2434,281.179162293801,434,Reward to go
2435,221.86113250734235,435,Reward to go
2436,232.4371938484001,436,Reward to go
2437,163.12962291105111,437,Reward to go
2438,145.99563705426596,438,Reward to go
2439,127.92043615550816,439,Reward to go
2440,126.42682862075215,440,Reward to go
2441,115.64348589408564,441,Reward to go
2442,111.8867720644003,442,Reward to go
2443,109.16266003435457,443,Reward to go
2444,111.53454277940683,444,Reward to go
2445,116.07364353646452,445,Reward to go
2446,117.27607960752503,446,Reward to go
2447,109.23012452377498,447,Reward to go
2448,113.02953037292566,448,Reward to go
2449,113.39557883188671,449,Reward to go
2450,115.82635734820244,450,Reward to go
2451,123.77914762208626,451,Reward to go
2452,129.57965924533616,452,Reward to go
2453,130.32281810284306,453,Reward to go
2454,139.9049682597574,454,Reward to go
2455,140.49061102262624,455,Reward to go
2456,142.74161619675553,456,Reward to go
2457,143.44937620776318,457,Reward to go
2458,133.91600061899138,458,Reward to go
2459,123.15832727352857,459,Reward to go
2460,80.3146872276621,460,Reward to go
2461,106.3157849019299,461,Reward to go
2462,134.70538804126895,462,Reward to go
2463,133.07212382785664,463,Reward to go
2464,139.00871823478238,464,Reward to go
2465,124.44250081814197,465,Reward to go
2466,134.31752840777858,466,Reward to go
2467,139.54392445192366,467,Reward to go
2468,125.86287639473217,468,Reward to go
2469,130.4871191132496,469,Reward to go
2470,130.71479838839247,470,Reward to go
2471,134.09213264000735,471,Reward to go
2472,135.10502913601914,472,Reward to go
2473,140.38984264203003,473,Reward to go
2474,135.46652856943172,474,Reward to go
2475,137.2592252304609,475,Reward to go
2476,135.11279525667294,476,Reward to go
2477,134.63740246023423,477,Reward to go
2478,131.56359931152141,478,Reward to go
2479,140.35435197636843,479,Reward to go
2480,130.02781510375976,480,Reward to go
2481,133.9735507646632,481,Reward to go
2482,131.6950694180513,482,Reward to go
2483,139.40879219791123,483,Reward to go
2484,139.38952511504698,484,Reward to go
2485,133.19444555636358,485,Reward to go
2486,136.25275972535755,486,Reward to go
2487,133.44476620445232,487,Reward to go
2488,140.20656552703483,488,Reward to go
2489,133.42986785583537,489,Reward to go
2490,137.08162642397133,490,Reward to go
2491,130.3927848776185,491,Reward to go
2492,137.9816024540177,492,Reward to go
2493,129.59766542126397,493,Reward to go
2494,132.78064241425994,494,Reward to go
2495,132.26416531888307,495,Reward to go
2496,135.81450696394336,496,Reward to go
2497,125.59788967013326,497,Reward to go
2498,130.46099096327927,498,Reward to go
2499,132.9569536896611,499,Reward to go
